,e-Folding Time (seconds),Average beta-decay energy,Daughter
100In,8.107946129795975,5.69,100Sn
100Sn,1.7023801482489769,5.69,100Sb
