,e-Folding Time (seconds),Average beta-decay energy,Daughter
100Mo,3.218829106680679e+26,5.69,100Tc
100Tc,22.304065332143374,5.69,100Ru
