,e-Folding Time (seconds),Average beta-decay energy,Daughter
100Nb,2.164042561333445,5.69,100Mo
100Mo,3.218829106680679e+26,5.69,100Tc
100Tc,22.304065332143374,5.69,100Ru
