,e-Folding Time (seconds),Average beta-decay energy,Daughter
101Nb,10.243134790311638,5.69,101Mo
101Mo,1264.6664728432652,71.0,101Tc
101Tc,1230.9074088864636,201.0,101Ru
