,e-Folding Time (seconds),Average beta-decay energy,Daughter
102Cd,476.08936349335795,5.69,102In
102In,33.61479445271284,5.69,102Sn
102Sn,5.48224115537806,5.69,102Sb
