,e-Folding Time (seconds),Average beta-decay energy,Daughter
102Mo,978.1472377227173,5.69,102Tc
102Tc,7.617429815893727,5.69,102Ru
