,e-Folding Time (seconds),Average beta-decay energy,Daughter
103Cd,631.900427909366,5.69,103In
103In,86.5617024533378,5.69,103Sn
103Sn,10.098865286222745,5.69,103Sb
