,e-Folding Time (seconds),Average beta-decay energy,Daughter
103Mo,97.38191526000503,5.69,103Tc
103Tc,78.19407121618183,5.69,103Ru
103Ru,4891844.178404988,30.2,103Rh
