,e-Folding Time (seconds),Average beta-decay energy,Daughter
105Ru,23054.84383142199,54.1,105Rh
105Rh,183550.6275842047,33.0,105Pd
