,e-Folding Time (seconds),Average beta-decay energy,Daughter
105Sn,47.17612783706912,5.69,105Sb
105Sb,1.6158184457956393,5.69,105Te
105Te,9.132259608827139e-07,5.69,105I
