,e-Folding Time (seconds),Average beta-decay energy,Daughter
106Ru,46344442.999897435,10.03,106Rh
106Rh,43.38183987953113,150.0,106Pd
