,e-Folding Time (seconds),Average beta-decay energy,Daughter
106Sb,0.8656170245333781,5.69,106Te
106Te,0.00011253021318933917,5.69,106I
