,e-Folding Time (seconds),Average beta-decay energy,Daughter
107Cd,33759.06395680175,141.8,107In
107In,2804.5991594881443,5.69,107Sn
107Sn,251.0289371146796,5.69,107Sb
107Sb,5.7707801635558535,5.69,107Te
107Te,0.004645478031662462,5.69,107I
107I,2.8853900817779267e-05,5.69,107Xe
