,e-Folding Time (seconds),Average beta-decay energy,Daughter
107Te,0.004645478031662462,5.69,107I
107I,2.8853900817779267e-05,5.69,107Xe
