,e-Folding Time (seconds),Average beta-decay energy,Daughter
107Tc,30.58513486684602,5.69,107Ru
107Ru,324.6063842000168,5.69,107Rh
107Rh,1878.38894323743,107.0,107Pd
107Pd,295931.95464532415,9.3,107Ag
