,e-Folding Time (seconds),Average beta-decay energy,Daughter
107Zr,0.2102006674575219,5.69,107Nb
107Nb,0.4126107816942436,5.69,107Mo
107Mo,5.0494326431113725,5.69,107Tc
107Tc,30.58513486684602,5.69,107Ru
107Ru,324.6063842000168,5.69,107Rh
107Rh,1878.38894323743,107.0,107Pd
107Pd,295931.95464532415,9.3,107Ag
