,e-Folding Time (seconds),Average beta-decay energy,Daughter
109Cd,57500515.212083615,2.61,109In
109In,21600.607230205915,354.0,109Sn
109Sn,1566.7668144054144,5.69,109Sb
109Sb,24.814354703290164,5.69,109Te
109Te,6.347858179911441,5.69,109I
109I,0.0001338820997944958,5.69,109Xe
109Xe,0.018755035531556524,5.69,109Cs
