,e-Folding Time (seconds),Average beta-decay energy,Daughter
109I,0.0001338820997944958,5.69,109Xe
109Xe,0.018755035531556524,5.69,109Cs
