,e-Folding Time (seconds),Average beta-decay energy,Daughter
109Ru,49.62870940658033,5.69,109Rh
109Rh,116.56975930382825,5.69,109Pd
109Pd,70582.41218045165,69.3,109Ag
