,e-Folding Time (seconds),Average beta-decay energy,Daughter
109Y,0.03606737602222408,5.69,109Zr
109Zr,0.08079092228978195,5.69,109Nb
109Nb,0.1542240998710302,5.69,109Mo
109Mo,1.0098865286222745,5.69,109Tc
109Tc,1.3056390120045118,5.69,109Ru
109Ru,49.62870940658033,5.69,109Rh
109Rh,116.56975930382825,5.69,109Pd
109Pd,70582.41218045165,69.3,109Ag
