,e-Folding Time (seconds),Average beta-decay energy,Daughter
10C,27.845601253701975,5.69,10N
10N,2.063053908471217e-22,5.69,10O
