,e-Folding Time (seconds),Average beta-decay energy,Daughter
10He,3.7510071063113043e-22,5.69,10Li
10Li,2.8853900817779267e-21,5.69,10Be
10Be,63147.326322009925,202.64,10B
