,e-Folding Time (seconds),Average beta-decay energy,Daughter
110Ru,17.370048292303117,5.69,110Rh
110Rh,4.833028386978027,5.69,110Pd
