,e-Folding Time (seconds),Average beta-decay energy,Daughter
110Tc,1.2984255368000668,5.69,110Ru
110Ru,17.370048292303117,5.69,110Rh
110Rh,4.833028386978027,5.69,110Pd
