,e-Folding Time (seconds),Average beta-decay energy,Daughter
111Pd,2039.393709800639,5.69,111Ag
111Ag,926514.9134433502,5.69,111Cd
