,e-Folding Time (seconds),Average beta-decay energy,Daughter
111Xe,1.0675943302578328,5.69,111Cs
111Cs,1.4426950408889634e-06,5.69,111Ba
