,e-Folding Time (seconds),Average beta-decay energy,Daughter
112Pd,109275.49317709362,5.69,112Ag
112Ag,16256.28772073684,187.0,112Cd
