,e-Folding Time (seconds),Average beta-decay energy,Daughter
113Rh,4.039546114489098,5.69,113Pd
113Pd,134.17063880267355,5.69,113Ag
113Ag,27890.18053046544,5.69,113Cd
