,e-Folding Time (seconds),Average beta-decay energy,Daughter
114Cs,0.822336173306709,5.69,114Ba
114Ba,0.6636397188089233,5.69,114La
