,e-Folding Time (seconds),Average beta-decay energy,Daughter
114Nb,0.02452581569511238,5.69,114Mo
114Mo,0.08367631237155987,5.69,114Tc
114Tc,0.17456609994756458,5.69,114Ru
114Ru,0.7790553220800401,5.69,114Rh
114Rh,2.6689858256445826,5.69,114Pd
114Pd,209.4793199370775,5.69,114Ag
114Ag,6.63639718808923,5.69,114Cd
