,e-Folding Time (seconds),Average beta-decay energy,Daughter
114Rh,2.6689858256445826,5.69,114Pd
114Pd,209.4793199370775,5.69,114Ag
114Ag,6.63639718808923,5.69,114Cd
