,e-Folding Time (seconds),Average beta-decay energy,Daughter
114Xe,14.426950408889635,5.69,114Cs
114Cs,0.822336173306709,5.69,114Ba
114Ba,0.6636397188089233,5.69,114La
