,e-Folding Time (seconds),Average beta-decay energy,Daughter
115Ag,1731.2340490667564,53.0,115Cd
115Cd,277655.3167893264,71.4,115In
