,e-Folding Time (seconds),Average beta-decay energy,Daughter
116Cd,1.2247030123014181e+27,5.69,116In
116In,20.34200007653438,87.5,116Sn
