,e-Folding Time (seconds),Average beta-decay energy,Daughter
117Ag,106.18235500942768,5.69,117Cd
117Cd,12999.836474442276,33.0,117In
117In,3739.4655459841933,245.0,117Sn
