,e-Folding Time (seconds),Average beta-decay energy,Daughter
117Cs,12.118638343467294,5.69,117Ba
117Ba,2.5247163215556854,5.69,117La
117La,0.03130648238729051,5.69,117Ce
