,e-Folding Time (seconds),Average beta-decay energy,Daughter
117Cd,12999.836474442276,33.0,117In
117In,3739.4655459841933,245.0,117Sn
