,e-Folding Time (seconds),Average beta-decay energy,Daughter
118Cs,20.19773057244549,5.69,118Ba
118Ba,7.50201421262261,5.69,118La
118La,0.28853900817779266,5.69,118Ce
