,e-Folding Time (seconds),Average beta-decay energy,Daughter
118Cd,4354.053633402891,5.69,118In
118In,7.213475204444817,5.69,118Sn
