,e-Folding Time (seconds),Average beta-decay energy,Daughter
119Ag,8.65617024533378,5.69,119Cd
119Cd,232.85097959947868,5.69,119In
119In,207.7480858880107,516.0,119Sn
