,e-Folding Time (seconds),Average beta-decay energy,Daughter
11C,1760.6823402413818,385.6,11N
11N,8.439765989200434e-22,5.69,11O
11O,2.856536180960147e-22,5.69,11F
