,e-Folding Time (seconds),Average beta-decay energy,Daughter
11Li,0.012623581607778428,5.69,11Be
11Be,19.851483762632135,5.69,11B
