,e-Folding Time (seconds),Average beta-decay energy,Daughter
120Cd,73.28890807715932,5.69,120In
120In,4.443500725938007,5.69,120Sn
