,e-Folding Time (seconds),Average beta-decay energy,Daughter
120La,4.039546114489098,5.69,120Ce
120Ce,0.36067376022224085,5.69,120Pr
