,e-Folding Time (seconds),Average beta-decay energy,Daughter
121Ce,1.5869645449778602,5.69,121Pr
121Pr,0.01731234049066756,5.69,121Nd
