,e-Folding Time (seconds),Average beta-decay energy,Daughter
121In,33.32625544453506,5.69,121Sn
121Sn,140385.76903882326,121.5,121Sb
