,e-Folding Time (seconds),Average beta-decay energy,Daughter
122Cd,7.559722014258169,5.69,122In
122In,2.164042561333445,5.69,122Sn
