,e-Folding Time (seconds),Average beta-decay energy,Daughter
122Ce,2.8853900817779268,5.69,122Pr
122Pr,0.7213475204444817,5.69,122Nd
