,e-Folding Time (seconds),Average beta-decay energy,Daughter
123Cd,3.0296595858668236,5.69,123In
123In,8.901428402284903,5.69,123Sn
123Sn,16104631.61803859,90.5,123Sb
