,e-Folding Time (seconds),Average beta-decay energy,Daughter
123Ce,5.48224115537806,5.69,123Pr
123Pr,1.1541560327111706,5.69,123Nd
