,e-Folding Time (seconds),Average beta-decay energy,Daughter
124Cd,1.803368801111204,5.69,124In
124In,4.501208527573566,5.69,124Sn
