,e-Folding Time (seconds),Average beta-decay energy,Daughter
124Pr,1.7312340490667562,5.69,124Nd
124Nd,0.7213475204444817,5.69,124Pm
