,e-Folding Time (seconds),Average beta-decay energy,Daughter
125Ce,13.994141896622944,5.69,125Pr
125Pr,4.760893634933579,5.69,125Nd
125Nd,0.9377517765778259,5.69,125Pm
