,e-Folding Time (seconds),Average beta-decay energy,Daughter
125Sn,1200867.0356670571,18.6,125Sb
125Sb,125547993.5584532,24.9,125Te
