,e-Folding Time (seconds),Average beta-decay energy,Daughter
126Nd,1.4426950408889634,5.69,126Pm
126Pm,0.7213475204444817,5.69,126Sm
