,e-Folding Time (seconds),Average beta-decay energy,Daughter
127Nd,2.5968510736001336,5.69,127Pm
127Pm,1.4426950408889634,5.69,127Sm
