,e-Folding Time (seconds),Average beta-decay energy,Daughter
127Sb,479898.0784013049,55.8,127Te
127Te,48561.11507632251,79.5,127I
