,e-Folding Time (seconds),Average beta-decay energy,Daughter
128Nd,7.213475204444817,5.69,128Pm
128Pm,1.4426950408889634,5.69,128Sm
128Sm,0.7213475204444817,5.69,128Eu
