,e-Folding Time (seconds),Average beta-decay energy,Daughter
128Te,1.024379843003045e+32,5.69,128I
128I,2163.176944308911,167.5,128Xe
