,e-Folding Time (seconds),Average beta-decay energy,Daughter
129Pm,3.4624680981335123,5.69,129Sm
129Sm,0.7934822724889297,5.69,129Eu
