,e-Folding Time (seconds),Average beta-decay energy,Daughter
129Sb,22675.70357467637,68.0,129Te
129Te,6024.69449075231,55.5,129I
129I,734821.807380851,40.9,129Xe
