,e-Folding Time (seconds),Average beta-decay energy,Daughter
12Be,0.030960235577477156,5.69,12B
12B,0.029142439825957055,5.69,12C
