,e-Folding Time (seconds),Average beta-decay energy,Daughter
12N,0.015869645449778598,5.69,12O
12O,1.2839985863911773e-20,5.69,12F
