,e-Folding Time (seconds),Average beta-decay energy,Daughter
130Pm,3.751007106311305,5.69,130Sm
130Sm,1.4426950408889634,5.69,130Eu
130Eu,0.0014426950408889636,5.69,130Gd
