,e-Folding Time (seconds),Average beta-decay energy,Daughter
131Pm,9.08897875760047,5.69,131Sm
131Sm,1.7312340490667562,5.69,131Eu
131Eu,0.02567997172782355,5.69,131Gd
