,e-Folding Time (seconds),Average beta-decay energy,Daughter
131Sb,1993.5160075003696,164.0,131Te
131Te,2164.042561333445,38.7,131I
131I,1000294.5686656185,69.36,131Xe
