,e-Folding Time (seconds),Average beta-decay energy,Daughter
132Sm,5.7707801635558535,5.69,132Eu
132Eu,0.14426950408889633,5.69,132Gd
