,e-Folding Time (seconds),Average beta-decay energy,Daughter
133Eu,0.28853900817779266,5.69,133Gd
133Gd,0.014426950408889635,5.69,133Tb
