,e-Folding Time (seconds),Average beta-decay energy,Daughter
133I,108184.8157261816,46.0,133Xe
133Xe,654082.3835332484,3.43,133Cs
