,e-Folding Time (seconds),Average beta-decay energy,Daughter
133Sm,4.169388668169105,5.69,133Eu
133Eu,0.28853900817779266,5.69,133Gd
133Gd,0.014426950408889635,5.69,133Tb
