,e-Folding Time (seconds),Average beta-decay energy,Daughter
133Te,1082.0212806667225,56.0,133I
133I,108184.8157261816,46.0,133Xe
133Xe,654082.3835332484,3.43,133Cs
