,e-Folding Time (seconds),Average beta-decay energy,Daughter
134Eu,0.7213475204444817,5.69,134Gd
134Gd,0.5770780163555853,5.69,134Tb
