,e-Folding Time (seconds),Average beta-decay energy,Daughter
134Te,3618.2791625495197,137.0,134I
134I,4544.489378800234,211.0,134Xe
