,e-Folding Time (seconds),Average beta-decay energy,Daughter
135Gd,1.5869645449778602,5.69,135Tb
135Tb,0.001457121991297853,5.69,135Dy
