,e-Folding Time (seconds),Average beta-decay energy,Daughter
135Xe,47470.43762541045,23.0,135Cs
135Cs,60552.23071973555,3.55,135Ba
