,e-Folding Time (seconds),Average beta-decay energy,Daughter
136Gd,1.4426950408889634,5.69,136Tb
136Tb,0.28853900817779266,5.69,136Dy
