,e-Folding Time (seconds),Average beta-decay energy,Daughter
136I,120.32076641013954,5.69,136Xe
136Xe,9.925102478873949e+28,5.69,136Cs
136Cs,1621681.5584418117,47.2,136Ba
