,e-Folding Time (seconds),Average beta-decay energy,Daughter
138Tb,1.1541560327111706,5.69,138Dy
138Dy,0.28853900817779266,5.69,138Ho
