,e-Folding Time (seconds),Average beta-decay energy,Daughter
138Xe,1223.9824726901963,74.0,138Cs
138Cs,2899.8170321868165,244.0,138Ba
