,e-Folding Time (seconds),Average beta-decay energy,Daughter
139Tb,2.3083120654223412,5.69,139Dy
139Dy,0.8656170245333781,5.69,139Ho
