,e-Folding Time (seconds),Average beta-decay energy,Daughter
139Xe,57.24613922247407,5.69,139Cs
139Cs,802.4269817424414,5.69,139Ba
139Ba,7178.561984455305,277.0,139La
