,e-Folding Time (seconds),Average beta-decay energy,Daughter
13Li,4.760893634933578e-21,5.69,13Be
13Be,1.4426950408889633e-21,5.69,13B
13B,0.02475664690165461,5.69,13C
