,e-Folding Time (seconds),Average beta-decay energy,Daughter
13N,862.5873649475112,491.82,13O
13O,0.012378323450827308,5.69,13F
