,e-Folding Time (seconds),Average beta-decay energy,Daughter
140Dy,1.0098865286222745,5.69,140Ho
140Ho,0.00865617024533378,5.69,140Er
