,e-Folding Time (seconds),Average beta-decay energy,Daughter
141Dy,1.2984255368000668,5.69,141Ho
141Ho,0.005915049667644748,5.69,141Er
