,e-Folding Time (seconds),Average beta-decay energy,Daughter
141La,20359.31241702505,49.0,141Ce
141Ce,4051710.919073874,130.0,141Pr
