,e-Folding Time (seconds),Average beta-decay energy,Daughter
142Ba,917.5540460053805,211.0,142La
142La,7885.771093499073,142.4,142Ce
