,e-Folding Time (seconds),Average beta-decay energy,Daughter
142Ho,0.5770780163555853,5.69,142Er
142Er,1.4426950408889633e-05,5.69,142Tm
