,e-Folding Time (seconds),Average beta-decay energy,Daughter
143Ho,0.43280851226668904,5.69,143Er
143Er,0.28853900817779266,5.69,143Tm
