,e-Folding Time (seconds),Average beta-decay energy,Daughter
143La,1229.176174837397,140.0,143Ce
143Ce,171594.72524134966,16.5,143Pr
143Pr,1691484.915300183,315.1,143Nd
