,e-Folding Time (seconds),Average beta-decay energy,Daughter
144Eu,14.71548941706743,5.69,144Gd
144Gd,386.9308099664199,5.69,144Tb
