,e-Folding Time (seconds),Average beta-decay energy,Daughter
144Ho,1.0098865286222745,5.69,144Er
144Er,0.5770780163555853,5.69,144Tm
144Tm,3.3181985940446154e-06,5.69,144Yb
