,e-Folding Time (seconds),Average beta-decay energy,Daughter
145Er,1.2984255368000668,5.69,145Tm
145Tm,4.573343279618014e-06,5.69,145Yb
