,e-Folding Time (seconds),Average beta-decay energy,Daughter
145La,35.778837014046296,5.69,145Ce
145Ce,260.55072438454675,5.69,145Pr
145Pr,31079.113648846407,78.4,145Nd
