,e-Folding Time (seconds),Average beta-decay energy,Daughter
146La,14.282680904800738,5.69,146Ce
146Ce,1167.717366095527,5.69,146Pr
146Pr,2085.2714121009076,5.69,146Nd
