,e-Folding Time (seconds),Average beta-decay energy,Daughter
147Er,4.6166241308446825,5.69,147Tm
147Tm,0.8367631237155988,5.69,147Yb
