,e-Folding Time (seconds),Average beta-decay energy,Daughter
147Tb,8517.67152140844,757.0,147Dy
147Dy,96.66056773956055,5.69,147Ho
147Ho,8.367631237155988,5.69,147Er
147Er,4.6166241308446825,5.69,147Tm
147Tm,0.8367631237155988,5.69,147Yb
