,e-Folding Time (seconds),Average beta-decay energy,Daughter
148La,2.039970787816994,5.69,148Ce
148Ce,81.9450783224931,5.69,148Pr
148Pr,198.22629861814357,5.69,148Nd
