,e-Folding Time (seconds),Average beta-decay energy,Daughter
148Tm,1.0098865286222745,5.69,148Yb
148Yb,0.36067376022224085,5.69,148Lu
