,e-Folding Time (seconds),Average beta-decay energy,Daughter
149Nd,8974.717310362063,52.0,149Pm
149Pm,275681.7099733903,51.5,149Sm
