,e-Folding Time (seconds),Average beta-decay energy,Daughter
14Be,0.006535408535227004,5.69,14B
14B,0.01783171070538759,5.69,14C
14C,259509560227.43805,49.47,14N
