,e-Folding Time (seconds),Average beta-decay energy,Daughter
14O,101.88456648261948,64.37,14F
14F,7.213475204444817e-22,5.69,14Ne
