,e-Folding Time (seconds),Average beta-decay energy,Daughter
150Nd,4.234103351079253e+26,5.69,150Pm
150Pm,14012.608393146324,37.0,150Sm
