,e-Folding Time (seconds),Average beta-decay energy,Daughter
150Yb,1.0098865286222745,5.69,150Lu
150Lu,0.06492127684000336,5.69,150Hf
