,e-Folding Time (seconds),Average beta-decay energy,Daughter
151Er,33.90333346089063,5.69,151Tm
151Tm,6.0160383205069765,5.69,151Yb
151Yb,2.3083120654223412,5.69,151Lu
151Lu,0.11310729120569475,5.69,151Hf
