,e-Folding Time (seconds),Average beta-decay energy,Daughter
151Gd,15443992.704914715,4.69,151Tb
151Tb,91455.90111004953,172.2,151Dy
151Dy,1549.4544739147468,5.69,151Ho
151Ho,50.78286543929153,5.69,151Er
151Er,33.90333346089063,5.69,151Tm
151Tm,6.0160383205069765,5.69,151Yb
151Yb,2.3083120654223412,5.69,151Lu
151Lu,0.11310729120569475,5.69,151Hf
