,e-Folding Time (seconds),Average beta-decay energy,Daughter
151Yb,2.3083120654223412,5.69,151Lu
151Lu,0.11310729120569475,5.69,151Hf
