,e-Folding Time (seconds),Average beta-decay energy,Daughter
152Nd,986.803407968051,5.69,152Pm
152Pm,356.63421410775175,5.69,152Sm
