,e-Folding Time (seconds),Average beta-decay energy,Daughter
152Tm,11.541560327111707,5.69,152Yb
152Yb,4.371365973893559,5.69,152Lu
152Lu,0.9377517765778259,5.69,152Hf
