,e-Folding Time (seconds),Average beta-decay energy,Daughter
153Lu,1.2984255368000668,5.69,153Hf
153Hf,0.5770780163555853,5.69,153Ta
