,e-Folding Time (seconds),Average beta-decay energy,Daughter
153Nd,45.58916329209124,5.69,153Pm
153Pm,454.4489378800235,5.69,153Sm
153Sm,240388.42640230554,25.3,153Eu
