,e-Folding Time (seconds),Average beta-decay energy,Daughter
154Yb,0.590062271723586,5.69,154Lu
154Lu,1.4426950408889634,5.69,154Hf
154Hf,2.8853900817779268,5.69,154Ta
