,e-Folding Time (seconds),Average beta-decay energy,Daughter
155Lu,0.09810326278044952,5.69,155Hf
155Hf,1.2161919194693962,5.69,155Ta
155Ta,0.004616624130844683,5.69,155W
