,e-Folding Time (seconds),Average beta-decay energy,Daughter
155Sm,1919.9385604150323,93.2,155Eu
155Eu,215893742.9120195,27.8,155Gd
