,e-Folding Time (seconds),Average beta-decay energy,Daughter
156Hf,0.033181985940446156,5.69,156Ta
156Ta,0.1529256743342301,5.69,156W
