,e-Folding Time (seconds),Average beta-decay energy,Daughter
156Sm,48820.80018368252,125.0,156Eu
156Eu,1893416.0547833298,38.0,156Gd
