,e-Folding Time (seconds),Average beta-decay energy,Daughter
157Sm,695.0904707003025,5.69,157Eu
157Eu,78840.39859450006,190.8,157Gd
