,e-Folding Time (seconds),Average beta-decay energy,Daughter
157Ta,0.014571219912978528,5.69,157W
157W,0.39674113624446483,5.69,157Re
