,e-Folding Time (seconds),Average beta-decay energy,Daughter
158Hf,4.111680866533545,5.69,158Ta
158Ta,0.07069205700355921,5.69,158W
158W,0.0020630539084712175,5.69,158Re
