,e-Folding Time (seconds),Average beta-decay energy,Daughter
159Sm,16.403442614907508,5.69,159Eu
159Eu,1566.7668144054144,5.69,159Gd
159Gd,95974.42197811375,30.4,159Tb
