,e-Folding Time (seconds),Average beta-decay energy,Daughter
15B,0.014686635516249645,5.69,15C
15C,3.533160155137071,5.69,15N
