,e-Folding Time (seconds),Average beta-decay energy,Daughter
15O,176.39255186933002,735.28,15F
15F,1.5869645449778596e-21,5.69,15Ne
15Ne,1.1108751814845018e-21,5.69,15Na
