,e-Folding Time (seconds),Average beta-decay energy,Daughter
160Sm,13.84987239253405,5.69,160Eu
160Eu,61.45880874186984,5.69,160Gd
