,e-Folding Time (seconds),Average beta-decay energy,Daughter
160W,0.12984255368000672,5.69,160Re
160Re,0.0008814866699831566,5.69,160Os
