,e-Folding Time (seconds),Average beta-decay energy,Daughter
161Eu,37.79861007129084,5.69,161Gd
161Gd,315.6039671448696,5.69,161Tb
161Tb,866060.2204499393,10.6,161Dy
