,e-Folding Time (seconds),Average beta-decay energy,Daughter
161Re,0.0006347858179911439,5.69,161Os
161Os,0.0009233248261689365,5.69,161Ir
