,e-Folding Time (seconds),Average beta-decay energy,Daughter
162Gd,727.1183006080375,5.69,162Tb
162Tb,657.8689386453673,5.69,162Dy
