,e-Folding Time (seconds),Average beta-decay energy,Daughter
162Nd,0.4472354626755787,5.69,162Pm
162Pm,0.908897875760047,5.69,162Sm
162Sm,3.8952766104002015,5.69,162Eu
