,e-Folding Time (seconds),Average beta-decay energy,Daughter
162W,1.7168070986578665,5.69,162Re
162Re,0.15436836937511908,5.69,162Os
162Os,0.0030296595858668226,5.69,162Ir
