,e-Folding Time (seconds),Average beta-decay energy,Daughter
163Gd,98.10326278044951,5.69,163Tb
163Tb,1687.953197840087,5.69,163Dy
