,e-Folding Time (seconds),Average beta-decay energy,Daughter
163W,3.794287957537973,5.69,163Re
163Re,0.5626510659466956,5.69,163Os
163Os,0.00822336173306709,5.69,163Ir
