,e-Folding Time (seconds),Average beta-decay energy,Daughter
164Eu,6.0016113700980895,5.69,164Gd
164Gd,64.92127684000334,5.69,164Tb
164Tb,259.68510736001343,5.69,164Dy
