,e-Folding Time (seconds),Average beta-decay energy,Daughter
164Os,0.030296595858668233,5.69,164Ir
164Ir,0.0014426950408889636,5.69,164Pt
