,e-Folding Time (seconds),Average beta-decay energy,Daughter
165Gd,16.735262474311977,5.69,165Tb
165Tb,182.6451921765428,5.69,165Dy
165Dy,12111.713407271025,56.6,165Ho
