,e-Folding Time (seconds),Average beta-decay energy,Daughter
166Ir,0.015148297929334116,5.69,166Pt
166Pt,0.0004241523420213553,5.69,166Au
