,e-Folding Time (seconds),Average beta-decay energy,Daughter
166Tb,39.09703560809091,5.69,166Dy
166Dy,423806.0952115419,14.1,166Ho
166Ho,139253.5419707336,8.2,166Er
