,e-Folding Time (seconds),Average beta-decay energy,Daughter
167Os,1.2104211393058404,5.69,167Ir
167Ir,0.04227096469804663,5.69,167Pt
167Pt,0.0013200659624134016,5.69,167Au
