,e-Folding Time (seconds),Average beta-decay energy,Daughter
168Dy,753.0868113440388,5.69,168Ho
168Ho,258.81949033548005,5.69,168Er
