,e-Folding Time (seconds),Average beta-decay energy,Daughter
168Ir,0.3318198594044616,5.69,168Pt
168Pt,0.002914243982595706,5.69,168Au
