,e-Folding Time (seconds),Average beta-decay energy,Daughter
169Ho,408.57123557975444,5.69,169Er
169Er,1170702.0135961177,98.1,169Tm
