,e-Folding Time (seconds),Average beta-decay energy,Daughter
169Os,4.991724841475813,5.69,169Ir
169Ir,0.509271349433804,5.69,169Pt
169Pt,0.010084438335813857,5.69,169Au
169Au,0.00021640425613334455,5.69,169Hg
