,e-Folding Time (seconds),Average beta-decay energy,Daughter
169Pt,0.010084438335813857,5.69,169Au
169Au,0.00021640425613334455,5.69,169Hg
