,e-Folding Time (seconds),Average beta-decay energy,Daughter
16C,1.0820212806667227,5.69,16N
16N,10.286415641538309,5.69,16O
