,e-Folding Time (seconds),Average beta-decay energy,Daughter
170Au,0.0004183815618577994,5.69,170Hg
170Hg,0.00044723546267557877,5.69,170Tl
