,e-Folding Time (seconds),Average beta-decay energy,Daughter
170Dy,79.20395774480409,5.69,170Ho
170Ho,238.9102987712123,5.69,170Er
