,e-Folding Time (seconds),Average beta-decay energy,Daughter
170Ta,585.1571085845636,5.69,170W
170W,209.4793199370775,5.69,170Re
