,e-Folding Time (seconds),Average beta-decay energy,Daughter
171Au,3.217209941182388e-05,5.69,171Hg
171Hg,0.00010098865286222743,5.69,171Tl
