,e-Folding Time (seconds),Average beta-decay energy,Daughter
172Pt,0.1408070359907628,5.69,172Au
172Au,0.040395461144890975,5.69,172Hg
172Hg,0.00033326255444535055,5.69,172Tl
