,e-Folding Time (seconds),Average beta-decay energy,Daughter
173Au,0.03678872354266857,5.69,173Hg
173Hg,0.0011541560327111707,5.69,173Tl
