,e-Folding Time (seconds),Average beta-decay energy,Daughter
173Er,124.12948131808642,5.69,173Tm
173Tm,42796.10569293021,272.4,173Yb
