,e-Folding Time (seconds),Average beta-decay energy,Daughter
174Er,276.99744785068094,5.69,174Tm
174Tm,467.43319324802417,5.69,174Yb
