,e-Folding Time (seconds),Average beta-decay energy,Daughter
174Pt,1.2436031252462867,5.69,174Au
174Au,0.2005346106835659,5.69,174Hg
174Hg,0.002885390081777927,5.69,174Tl
