,e-Folding Time (seconds),Average beta-decay energy,Daughter
175Au,0.28853900817779266,5.69,175Hg
175Hg,0.014715489417067426,5.69,175Tl
