,e-Folding Time (seconds),Average beta-decay energy,Daughter
175Er,103.87404294400535,5.69,175Tm
175Tm,1315.7378772907346,72.0,175Yb
175Yb,521655.4436647949,18.7,175Lu
