,e-Folding Time (seconds),Average beta-decay energy,Daughter
176Au,1.5148297929334118,5.69,176Hg
176Hg,0.02928670933004596,5.69,176Tl
176Tl,0.008944709253511575,5.69,176Pb
