,e-Folding Time (seconds),Average beta-decay energy,Daughter
176Er,17.31234049066756,5.69,176Tm
176Tm,160.1391495386749,5.69,176Yb
