,e-Folding Time (seconds),Average beta-decay energy,Daughter
177Hg,0.16879531978400872,5.69,177Tl
177Tl,0.02596851073600134,5.69,177Pb
