,e-Folding Time (seconds),Average beta-decay energy,Daughter
177Yb,9925.164803299715,15.8,177Lu
177Lu,828204.3642394259,40.5,177Hf
