,e-Folding Time (seconds),Average beta-decay energy,Daughter
178Hg,0.3844782283969087,5.69,178Tl
178Tl,0.3678872354266856,5.69,178Pb
178Pb,0.0003606737602222409,5.69,178Bi
