,e-Folding Time (seconds),Average beta-decay energy,Daughter
179Tl,0.6304577328684771,5.69,179Pb
179Pb,0.003895276610400201,5.69,179Bi
