,e-Folding Time (seconds),Average beta-decay energy,Daughter
17C,0.27844014289156993,5.69,17N
17N,6.020366405629643,5.69,17O
