,e-Folding Time (seconds),Average beta-decay energy,Daughter
17F,92.86627978202259,349.28,17Ne
17Ne,0.15754229846507478,5.69,17Na
