,e-Folding Time (seconds),Average beta-decay energy,Daughter
180Tl,1.5725375945689697,5.69,180Pb
180Pb,0.005915049667644748,5.69,180Bi
