,e-Folding Time (seconds),Average beta-decay energy,Daughter
180Yb,207.7480858880107,5.69,180Lu
180Lu,493.4017039840255,5.69,180Hf
