,e-Folding Time (seconds),Average beta-decay energy,Daughter
181Tl,4.183815618577994,5.69,181Pb
181Pb,0.05626510659466957,5.69,181Bi
