,e-Folding Time (seconds),Average beta-decay energy,Daughter
182Hf,405199.13789898227,30.0,182Ta
182Ta,14302209.224874211,6.35,182W
