,e-Folding Time (seconds),Average beta-decay energy,Daughter
182Tl,2.74112057768903,5.69,182Pb
182Pb,0.07934822724889298,5.69,182Bi
