,e-Folding Time (seconds),Average beta-decay energy,Daughter
183Tl,9.954595782133847,5.69,183Pb
183Pb,0.7718418468755953,5.69,183Bi
