,e-Folding Time (seconds),Average beta-decay energy,Daughter
184Hf,21398.052846465103,229.0,184Ta
184Ta,45185.20868064234,107.0,184W
