,e-Folding Time (seconds),Average beta-decay energy,Daughter
184Tl,13.705602888445151,5.69,184Pb
184Pb,0.7069205700355919,5.69,184Bi
184Bi,0.009521787269867157,5.69,184Po
