,e-Folding Time (seconds),Average beta-decay energy,Daughter
185Pb,9.08897875760047,5.69,185Bi
185Bi,0.002885390081777927,5.69,185Po
