,e-Folding Time (seconds),Average beta-decay energy,Daughter
185Ta,4276.148101194887,307.0,185W
185W,9361128.750113763,97.1,185Re
