,e-Folding Time (seconds),Average beta-decay energy,Daughter
186Bi,0.02135188660515665,5.69,186Po
186Po,4.905163139022476e-05,5.69,186At
