,e-Folding Time (seconds),Average beta-decay energy,Daughter
186Hf,225.0604263786783,5.69,186Ta
186Ta,908.897875760047,590.0,186W
