,e-Folding Time (seconds),Average beta-decay energy,Daughter
186Lu,8.65617024533378,5.69,186Hf
186Hf,225.0604263786783,5.69,186Ta
186Ta,908.897875760047,590.0,186W
