,e-Folding Time (seconds),Average beta-decay energy,Daughter
187Au,718.4621303627036,5.69,187Hg
187Hg,164.46723466134182,5.69,187Tl
