,e-Folding Time (seconds),Average beta-decay energy,Daughter
187Bi,0.05337971651289165,5.69,187Po
187Po,0.0020197730572445484,5.69,187At
