,e-Folding Time (seconds),Average beta-decay energy,Daughter
187W,123656.8544226912,21.3,187Re
187Re,1.893964509730074e+18,0.66,187Os
