,e-Folding Time (seconds),Average beta-decay energy,Daughter
188Pb,36.21164552631299,5.69,188Bi
188Bi,0.0865617024533378,5.69,188Po
188Po,0.0003895276610400201,5.69,188At
