,e-Folding Time (seconds),Average beta-decay energy,Daughter
189Pb,56.265106594669554,5.69,189Bi
189Bi,0.9925741881316069,5.69,189Po
189Po,0.005049432643111372,5.69,189At
