,e-Folding Time (seconds),Average beta-decay energy,Daughter
18C,0.13272794376178462,5.69,18N
18N,0.8933167693184463,5.69,18O
