,e-Folding Time (seconds),Average beta-decay energy,Daughter
18F,9498.76185701457,249.8,18Ne
18Ne,0.9582380461584495,5.69,18Na
18Na,1.8755035531556522e-21,5.69,18Mg
