,e-Folding Time (seconds),Average beta-decay energy,Daughter
191Po,0.031739290899557196,5.69,191At
191At,0.0030296595858668226,5.69,191Rn
