,e-Folding Time (seconds),Average beta-decay energy,Daughter
191Re,848.3046840427107,5.69,191Os
191Os,1868486.2844767685,37.8,191Ir
