,e-Folding Time (seconds),Average beta-decay energy,Daughter
192Po,0.04645478031662462,5.69,192At
192At,0.016590992970223078,5.69,192Rn
