,e-Folding Time (seconds),Average beta-decay energy,Daughter
192Ta,3.1739290899557204,5.69,192W
192W,57.70780163555854,5.69,192Re
192Re,22.217503629690032,5.69,192Os
