,e-Folding Time (seconds),Average beta-decay energy,Daughter
193At,0.04183815618577994,5.69,193Rn
193Rn,0.0016590992970223076,5.69,193Fr
