,e-Folding Time (seconds),Average beta-decay energy,Daughter
193Re,259.68510736001343,5.69,193Os
193Os,154928.13505098404,73.9,193Ir
