,e-Folding Time (seconds),Average beta-decay energy,Daughter
194At,0.4126107816942436,5.69,194Rn
194Rn,0.0011253021318933917,5.69,194Fr
