,e-Folding Time (seconds),Average beta-decay energy,Daughter
194Re,7.213475204444817,5.69,194Os
194Os,273167958.1341453,3.6,194Ir
194Ir,100498.13654832522,69.7,194Pt
