,e-Folding Time (seconds),Average beta-decay energy,Daughter
195At,0.41838156185779946,5.69,195Rn
195Rn,0.010098865286222744,5.69,195Fr
