,e-Folding Time (seconds),Average beta-decay energy,Daughter
196At,0.5438960304151391,5.69,196Rn
196Rn,0.006780666692178129,5.69,196Fr
