,e-Folding Time (seconds),Average beta-decay energy,Daughter
196Re,3.4624680981335123,5.69,196Os
196Os,3021.003415621489,5.69,196Ir
196Ir,75.02014212622609,5.69,196Pt
