,e-Folding Time (seconds),Average beta-decay energy,Daughter
197At,0.5600542148730955,5.69,197Rn
197Rn,0.07790553220800402,5.69,197Fr
197Fr,0.0033181985940446148,5.69,197Ra
