,e-Folding Time (seconds),Average beta-decay energy,Daughter
197Ir,502.0578742293592,5.69,197Pt
197Pt,103310.52626103415,221.93,197Au
