,e-Folding Time (seconds),Average beta-decay energy,Daughter
198Os,180.33688011112042,5.69,198Ir
198Ir,12.551446855733982,5.69,198Pt
