,e-Folding Time (seconds),Average beta-decay energy,Daughter
198Re,1.4426950408889634,5.69,198Os
198Os,180.33688011112042,5.69,198Ir
198Ir,12.551446855733982,5.69,198Pt
