,e-Folding Time (seconds),Average beta-decay energy,Daughter
198Rn,0.09290956063324925,5.69,198Fr
198Fr,0.02164042561333445,5.69,198Ra
