,e-Folding Time (seconds),Average beta-decay energy,Daughter
199Ir,10.098865286222745,5.69,199Pt
199Pt,2666.1004355628043,86.0,199Au
199Au,391272.7449614794,67.21,199Hg
