,e-Folding Time (seconds),Average beta-decay energy,Daughter
199Pt,2666.1004355628043,86.0,199Au
199Au,391272.7449614794,67.21,199Hg
