,e-Folding Time (seconds),Average beta-decay energy,Daughter
199Rn,0.8511900741244884,5.69,199Fr
199Fr,0.009521787269867157,5.69,199Ra
