,e-Folding Time (seconds),Average beta-decay energy,Daughter
19B,0.0042126695193957725,5.69,19C
19C,0.06665251088907011,5.69,19N
19N,0.4847455337386917,5.69,19O
19O,38.18813773233086,152.4,19F
