,e-Folding Time (seconds),Average beta-decay energy,Daughter
200At,62.32442576640322,5.69,200Rn
200Rn,1.5725375945689697,5.69,200Fr
200Fr,0.06852801444222575,5.69,200Ra
