,e-Folding Time (seconds),Average beta-decay energy,Daughter
200Pt,65440.64705472337,52.0,200Au
200Au,4189.5863987415505,54.0,200Hg
