,e-Folding Time (seconds),Average beta-decay energy,Daughter
201Fr,0.09060124856782692,5.69,201Ra
201Ra,0.02885390081777926,5.69,201Ac
