,e-Folding Time (seconds),Average beta-decay energy,Daughter
202Fr,0.5366825552106943,5.69,202Ra
202Ra,0.005915049667644748,5.69,202Ac
