,e-Folding Time (seconds),Average beta-decay energy,Daughter
202Pt,228522.8944768118,5.69,202Au
202Au,40.97253916124655,5.69,202Hg
