,e-Folding Time (seconds),Average beta-decay energy,Daughter
203Fr,0.7934822724889297,5.69,203Ra
203Ra,0.05193702147200268,5.69,203Ac
