,e-Folding Time (seconds),Average beta-decay energy,Daughter
204Ir,2.8853900817779268,5.69,204Pt
204Pt,14.859758921156324,5.69,204Au
204Au,55.25522006604729,5.69,204Hg
