,e-Folding Time (seconds),Average beta-decay energy,Daughter
205Ra,0.31739290899557193,5.69,205Ac
205Ac,0.11541560327111708,5.69,205Th
