,e-Folding Time (seconds),Average beta-decay energy,Daughter
206Au,67.80666692178126,5.69,206Hg
206Hg,720.1933644117705,205.0,206Tl
206Tl,363.73227370892545,104.6,206Pb
