,e-Folding Time (seconds),Average beta-decay energy,Daughter
206Hg,720.1933644117705,205.0,206Tl
206Tl,363.73227370892545,104.6,206Pb
