,e-Folding Time (seconds),Average beta-decay energy,Daughter
206Ra,0.3462468098133512,5.69,206Ac
206Ac,0.03606737602222408,5.69,206Th
