,e-Folding Time (seconds),Average beta-decay energy,Daughter
207Hg,251.0289371146796,5.69,207Tl
207Tl,412.8993207024212,158.0,207Pb
