,e-Folding Time (seconds),Average beta-decay energy,Daughter
207Po,30123.47245376155,5115.4,207At
207At,9400.600886432487,5758.0,207Rn
207Rn,800.6957476933748,5.69,207Fr
207Fr,21.35188660515666,5.69,207Ra
207Ra,1.9909191564267694,5.69,207Ac
207Ac,0.044723546267557854,5.69,207Th
