,e-Folding Time (seconds),Average beta-decay energy,Daughter
207Ra,1.9909191564267694,5.69,207Ac
207Ac,0.044723546267557854,5.69,207Th
