,e-Folding Time (seconds),Average beta-decay energy,Daughter
208Au,28.85390081777927,5.69,208Hg
208Hg,194.76383052001006,5.69,208Tl
208Tl,264.2728775900403,152.7,208Pb
