,e-Folding Time (seconds),Average beta-decay energy,Daughter
208Ac,0.13994141896622944,5.69,208Th
208Th,0.003462468098133512,5.69,208Pa
