,e-Folding Time (seconds),Average beta-decay energy,Daughter
209Ac,0.13561333384356256,5.69,209Th
209Th,0.0865617024533378,5.69,209Pa
