,e-Folding Time (seconds),Average beta-decay energy,Daughter
20O,19.490810002409894,5.69,20F
20F,15.878590159032107,5.69,20Ne
