,e-Folding Time (seconds),Average beta-decay energy,Daughter
211Ac,0.30729404370934915,5.69,211Th
211Th,0.06924936196267024,5.69,211Pa
211Pa,0.00865617024533378,5.69,211U
