,e-Folding Time (seconds),Average beta-decay energy,Daughter
211Th,0.06924936196267024,5.69,211Pa
211Pa,0.00865617024533378,5.69,211U
