,e-Folding Time (seconds),Average beta-decay energy,Daughter
212Th,0.04573343279618014,5.69,212Pa
212Pa,0.008367631237155986,5.69,212U
