,e-Folding Time (seconds),Average beta-decay energy,Daughter
213Ac,1.064708940176055,5.69,213Th
213Th,0.20774808588801072,5.69,213Pa
213Pa,0.010675943302578325,5.69,213U
