,e-Folding Time (seconds),Average beta-decay energy,Daughter
214Ac,11.830099335289496,5.69,214Th
214Th,0.1255144685573398,5.69,214Pa
214Pa,0.02452581569511238,5.69,214U
