,e-Folding Time (seconds),Average beta-decay energy,Daughter
214Fr,0.007949249675298187,5.69,214Ra
214Ra,3.5158478146464023,5.69,214Ac
214Ac,11.830099335289496,5.69,214Th
214Th,0.1255144685573398,5.69,214Pa
214Pa,0.02452581569511238,5.69,214U
