,e-Folding Time (seconds),Average beta-decay energy,Daughter
215Pa,0.020197730572445487,5.69,215U
215U,0.0020197730572445484,5.69,215Np
