,e-Folding Time (seconds),Average beta-decay energy,Daughter
215Th,1.9476383052001007,5.69,215Pa
215Pa,0.020197730572445487,5.69,215U
215U,0.0020197730572445484,5.69,215Np
