,e-Folding Time (seconds),Average beta-decay energy,Daughter
216Pa,0.15148297929334117,5.69,216U
216U,0.009954595782133846,5.69,216Np
