,e-Folding Time (seconds),Average beta-decay energy,Daughter
216Pb,143.69242607254074,5.69,216Bi
216Bi,191.30136242187655,5.69,216Po
216Po,0.20774808588801072,6778.3,216At
216At,0.000432808512266689,7240.0,216Rn
216Rn,4.183815618577994e-05,5.69,216Fr
216Fr,1.0098865286222743e-06,5.69,216Ra
216Ra,2.4814354703290167e-07,5.69,216Ac
216Ac,0.0006347858179911439,5.69,216Th
216Th,0.03791402567456196,5.69,216Pa
216Pa,0.15148297929334117,5.69,216U
216U,0.009954595782133846,5.69,216Np
