,e-Folding Time (seconds),Average beta-decay energy,Daughter
217Pa,0.005482241155378062,5.69,217U
217U,0.0012262907847556189,5.69,217Np
