,e-Folding Time (seconds),Average beta-decay energy,Daughter
218Pa,0.00015581106441600804,5.69,218U
218U,0.0005107140444746931,5.69,218Np
