,e-Folding Time (seconds),Average beta-decay energy,Daughter
219Ac,1.3561333384356252e-05,5.69,219Th
219Th,1.4758770268294094e-06,5.69,219Pa
219Pa,8.079092228978194e-08,5.69,219U
219U,8.65617024533378e-05,5.69,219Np
219Np,0.0008223361733067092,5.69,219Pu
