,e-Folding Time (seconds),Average beta-decay energy,Daughter
219U,8.65617024533378e-05,5.69,219Np
219Np,0.0008223361733067092,5.69,219Pu
