,e-Folding Time (seconds),Average beta-decay energy,Daughter
220Pa,1.2262907847556189e-06,5.69,220U
220U,8.656170245333781e-08,5.69,220Np
220Np,4.1838156185779945e-08,5.69,220Pu
