,e-Folding Time (seconds),Average beta-decay energy,Daughter
221Np,4.32808512266689e-08,5.69,221Pu
221Pu,0.00014426950408889634,5.69,221Am
