,e-Folding Time (seconds),Average beta-decay energy,Daughter
222Np,6.924936196267025e-07,5.69,222Pu
222Pu,1.4426950408889633e-05,5.69,222Am
