,e-Folding Time (seconds),Average beta-decay energy,Daughter
222U,6.780666692178128e-06,5.69,222Np
222Np,6.924936196267025e-07,5.69,222Pu
222Pu,1.4426950408889633e-05,5.69,222Am
