,e-Folding Time (seconds),Average beta-decay energy,Daughter
223Np,3.6067376022224084e-06,5.69,223Pu
223Pu,1.4426950408889633e-05,5.69,223Am
223Am,0.014426950408889635,5.69,223Cm
