,e-Folding Time (seconds),Average beta-decay energy,Daughter
223Th,0.8656170245333781,5.69,223Pa
223Pa,0.007646283716711506,5.69,223U
223U,9.377517765778261e-05,5.69,223Np
223Np,3.6067376022224084e-06,5.69,223Pu
223Pu,1.4426950408889633e-05,5.69,223Am
223Am,0.014426950408889635,5.69,223Cm
