,e-Folding Time (seconds),Average beta-decay energy,Daughter
224Pa,1.2176346145102852,5.69,224U
224U,0.0005713072361920295,5.69,224Np
224Np,6.924936196267025e-05,5.69,224Pu
224Pu,1.4426950408889633e-05,5.69,224Am
224Am,0.0014426950408889636,5.69,224Cm
