,e-Folding Time (seconds),Average beta-decay energy,Daughter
224Pu,1.4426950408889633e-05,5.69,224Am
224Am,0.0014426950408889636,5.69,224Cm
