,e-Folding Time (seconds),Average beta-decay energy,Daughter
226Pu,0.014426950408889635,5.69,226Am
226Am,0.00014426950408889634,5.69,226Cm
