,e-Folding Time (seconds),Average beta-decay energy,Daughter
227Pu,2.8853900817779268,5.69,227Am
227Am,0.02885390081777926,5.69,227Cm
