,e-Folding Time (seconds),Average beta-decay energy,Daughter
228Np,88.58147551058234,5.69,228Pu
228Pu,3.0296595858668236,5.69,228Am
228Am,0.14426950408889633,5.69,228Cm
