,e-Folding Time (seconds),Average beta-decay energy,Daughter
229Np,346.2468098133512,5.69,229Pu
229Pu,131.28524872089568,5.69,229Am
229Am,2.5968510736001336,5.69,229Cm
