,e-Folding Time (seconds),Average beta-decay energy,Daughter
22Al,0.13142951822498455,5.69,22Si
22Si,0.041405347673513254,5.69,22P
