,e-Folding Time (seconds),Average beta-decay energy,Daughter
22O,3.2460638420001673,5.69,22F
22F,6.1026000229603135,5.69,22Ne
