,e-Folding Time (seconds),Average beta-decay energy,Daughter
230Np,398.1838312853539,5.69,230Pu
230Pu,151.48297929334115,5.69,230Am
230Am,57.70780163555854,5.69,230Cm
