,e-Folding Time (seconds),Average beta-decay energy,Daughter
232Pu,2917.129372677484,5.69,232Am
232Am,113.39583021387251,5.69,232Cm
232Cm,14.426950408889635,5.69,232Bk
