,e-Folding Time (seconds),Average beta-decay energy,Daughter
233Am,276.99744785068094,5.69,233Cm
233Cm,38.952766104002016,5.69,233Bk
233Bk,57.70780163555854,5.69,233Cf
