,e-Folding Time (seconds),Average beta-decay energy,Daughter
234Th,3004909.8639013646,21.5,234Pa
234Pa,34797.8043862418,13.0,234U
234U,11177122286988.78,4603.5,234Np
234Np,548454.9467443483,380.0,234Pu
234Pu,45704.57889536237,5.69,234Am
234Am,200.8231496917437,5.69,234Cm
234Cm,75.02014212622609,5.69,234Bk
234Bk,28.85390081777927,5.69,234Cf
