,e-Folding Time (seconds),Average beta-decay energy,Daughter
236Ac,389.5276610400201,5.69,236Th
236Th,3228.7515015095,5.69,236Pa
236Pa,787.711492325374,5.69,236U
236U,1066265.5965836141,4332.0,236Np
236Np,6965782932420.706,46.0,236Pu
236Pu,130119004.05789788,5613.17,236Am
236Am,311.62212883201613,5.69,236Cm
236Cm,588.6195766826971,5.69,236Bk
236Bk,37.510071063113045,5.69,236Cf
