,e-Folding Time (seconds),Average beta-decay energy,Daughter
236Cm,588.6195766826971,5.69,236Bk
236Bk,37.510071063113045,5.69,236Cf
