,e-Folding Time (seconds),Average beta-decay energy,Daughter
237Bk,173.1234049066756,5.69,237Cf
237Cf,1.1541560327111706,5.69,237Es
