,e-Folding Time (seconds),Average beta-decay energy,Daughter
237Pu,5688973.583957287,10.3,237Am
237Am,6370.9413005656625,6042.0,237Cm
