,e-Folding Time (seconds),Average beta-decay energy,Daughter
238Bk,207.7480858880107,5.69,238Cf
238Cf,0.030440865362757124,5.69,238Es
