,e-Folding Time (seconds),Average beta-decay energy,Daughter
238U,2.0319143285878176e+17,4038.0,238Np
238Np,261637.93936736078,23.0,238Pu
238Pu,3992804988.0607576,5357.48,238Am
238Am,8483.046840427107,558.0,238Cm
238Cm,11426.144723840593,5.69,238Bk
238Bk,207.7480858880107,5.69,238Cf
238Cf,0.030440865362757124,5.69,238Es
