,e-Folding Time (seconds),Average beta-decay energy,Daughter
239Bk,144.2695040888963,5.69,239Cf
239Cf,40.395461144890966,5.69,239Es
239Es,1.4426950408889634,5.69,239Fm
