,e-Folding Time (seconds),Average beta-decay energy,Daughter
239Cf,40.395461144890966,5.69,239Es
239Es,1.4426950408889634,5.69,239Fm
