,e-Folding Time (seconds),Average beta-decay energy,Daughter
23Al,0.6434419882364776,5.69,23Si
23Si,0.06102600022960315,5.69,23P
