,e-Folding Time (seconds),Average beta-decay energy,Daughter
241Cf,203.42000076534381,5.69,241Es
241Es,7.357744708533715,5.69,241Fm
241Fm,0.0010531673798489431,5.69,241Md
