,e-Folding Time (seconds),Average beta-decay energy,Daughter
242Es,25.679971727823546,5.69,242Fm
242Fm,0.0011541560327111707,5.69,242Md
