,e-Folding Time (seconds),Average beta-decay energy,Daughter
243Es,31.88356040364609,5.69,243Fm
243Fm,0.3332625544453505,5.69,243Md
