,e-Folding Time (seconds),Average beta-decay energy,Daughter
244Fm,0.004501208527573565,5.69,244Md
244Md,0.5193702147200269,5.69,244No
