,e-Folding Time (seconds),Average beta-decay energy,Daughter
245Es,96.08348972320496,5.69,245Fm
245Fm,6.059319171733647,5.69,245Md
245Md,0.5482241155378061,5.69,245No
