,e-Folding Time (seconds),Average beta-decay energy,Daughter
246Fm,2.2217503629690034,5.69,246Md
246Md,1.3272794376178465,5.69,246No
