,e-Folding Time (seconds),Average beta-decay energy,Daughter
247Es,393.855746162687,5.69,247Fm
247Fm,44.723546267557865,5.69,247Md
247Md,1.7168070986578665,5.69,247No
