,e-Folding Time (seconds),Average beta-decay energy,Daughter
248Es,2077.4808588801075,5.69,248Fm
248Fm,49.77297891066924,5.69,248Md
248Md,10.098865286222745,5.69,248No
