,e-Folding Time (seconds),Average beta-decay energy,Daughter
248Fm,49.77297891066924,5.69,248Md
248Md,10.098865286222745,5.69,248No
