,e-Folding Time (seconds),Average beta-decay energy,Daughter
249Md,36.93299304675746,5.69,249No
249No,8.223361733067093e-05,5.69,249Lr
