,e-Folding Time (seconds),Average beta-decay energy,Daughter
24Al,2.9618529189450413,5.69,24Si
24Si,0.20659392985529956,5.69,24P
