,e-Folding Time (seconds),Average beta-decay energy,Daughter
24F,0.553994895701362,5.69,24Ne
24Ne,292.5785542922818,5.69,24Na
24Na,77677.00931352722,5.69,24Mg
