,e-Folding Time (seconds),Average beta-decay energy,Daughter
250Md,77.90553220800403,5.69,250No
250No,7.328890807715934e-06,5.69,250Lr
