,e-Folding Time (seconds),Average beta-decay energy,Daughter
251No,1.1541560327111706,5.69,251Lr
251Lr,0.000432808512266689,5.69,251Rf
