,e-Folding Time (seconds),Average beta-decay energy,Daughter
252No,3.5591286658730725,5.69,252Lr
252Lr,0.5323544700880275,5.69,252Rf
