,e-Folding Time (seconds),Average beta-decay energy,Daughter
253Lr,0.9117832658418249,5.69,253Rf
253Rf,0.018755035531556524,5.69,253Db
