,e-Folding Time (seconds),Average beta-decay energy,Daughter
255Lr,44.86781577164676,5.69,255Rf
255Rf,2.35159291664901,5.69,255Db
255Db,0.07790553220800402,5.69,255Sg
