,e-Folding Time (seconds),Average beta-decay energy,Daughter
255Rf,2.35159291664901,5.69,255Db
255Db,0.07790553220800402,5.69,255Sg
