,e-Folding Time (seconds),Average beta-decay energy,Daughter
256Rf,0.009521787269867157,5.69,256Db
256Db,2.4525815695112376,5.69,256Sg
