,e-Folding Time (seconds),Average beta-decay energy,Daughter
257Rf,7.213475204444817,5.69,257Db
257Db,3.318198594044615,5.69,257Sg
