,e-Folding Time (seconds),Average beta-decay energy,Daughter
258Db,3.1306482387290506,5.69,258Sg
258Sg,0.003895276610400201,5.69,258Bh
