,e-Folding Time (seconds),Average beta-decay energy,Daughter
25Al,10.339218280034846,5.69,25Si
25Si,0.31825852602010535,5.69,25P
