,e-Folding Time (seconds),Average beta-decay energy,Daughter
260Sg,0.007141340452400369,5.69,260Bh
260Bh,0.05915049667644749,5.69,260Hs
