,e-Folding Time (seconds),Average beta-decay energy,Daughter
261Sg,0.26401319248268035,5.69,261Bh
261Bh,0.01846649652337873,5.69,261Hs
