,e-Folding Time (seconds),Average beta-decay energy,Daughter
265Hs,0.0028276822801423683,5.69,265Mt
265Mt,0.002885390081777927,5.69,265Ds
