,e-Folding Time (seconds),Average beta-decay energy,Daughter
266Bh,15.29256743342301,5.69,266Hs
266Hs,0.00432808512266689,5.69,266Mt
266Mt,0.002885390081777927,5.69,266Ds
