,e-Folding Time (seconds),Average beta-decay energy,Daughter
267Mt,0.014426950408889635,5.69,267Ds
267Ds,1.4426950408889633e-05,5.69,267Rg
