,e-Folding Time (seconds),Average beta-decay energy,Daughter
268Hs,2.0197730572445485,5.69,268Mt
268Mt,0.033181985940446156,5.69,268Ds
268Ds,0.00014426950408889634,5.69,268Rg
