,e-Folding Time (seconds),Average beta-decay energy,Daughter
269Mt,0.14426950408889633,5.69,269Ds
269Ds,0.0003318198594044615,5.69,269Rg
