,e-Folding Time (seconds),Average beta-decay energy,Daughter
26Al,32643570997030.367,543.3,26Si
26Si,3.239283175307989,5.69,26P
26P,0.06290150378275881,5.69,26S
