,e-Folding Time (seconds),Average beta-decay energy,Daughter
26Si,3.239283175307989,5.69,26P
26P,0.06290150378275881,5.69,26S
