,e-Folding Time (seconds),Average beta-decay energy,Daughter
270Mt,1.1541560327111706,5.69,270Ds
270Ds,0.00029575248338223754,5.69,270Rg
