,e-Folding Time (seconds),Average beta-decay energy,Daughter
271Mt,0.5770780163555853,5.69,271Ds
271Ds,0.20774808588801072,5.69,271Rg
