,e-Folding Time (seconds),Average beta-decay energy,Daughter
272Ds,0.28853900817779266,5.69,272Rg
272Rg,0.006059319171733646,5.69,272Cn
