,e-Folding Time (seconds),Average beta-decay energy,Daughter
273Ds,0.0003462468098133512,5.69,273Rg
273Rg,0.002885390081777927,5.69,273Cn
