,e-Folding Time (seconds),Average beta-decay energy,Daughter
275Ds,0.014426950408889635,5.69,275Rg
275Rg,0.007213475204444815,5.69,275Cn
