,e-Folding Time (seconds),Average beta-decay energy,Daughter
276Rg,0.014426950408889635,5.69,276Cn
276Cn,0.00014426950408889634,5.69,276Nh
