,e-Folding Time (seconds),Average beta-decay energy,Daughter
277Ds,0.00865617024533378,5.69,277Rg
277Rg,0.005770780163555854,5.69,277Cn
277Cn,0.0011397290823022812,5.69,277Nh
