,e-Folding Time (seconds),Average beta-decay energy,Daughter
278Cn,0.002885390081777927,5.69,278Nh
278Nh,0.0033181985940446148,5.69,278Fl
