,e-Folding Time (seconds),Average beta-decay energy,Daughter
279Cn,8.65617024533378e-05,5.69,279Nh
279Nh,0.0014426950408889636,5.69,279Fl
