,e-Folding Time (seconds),Average beta-decay energy,Daughter
27F,0.007213475204444815,5.69,27Ne
27Ne,0.04457927676346897,5.69,27Na
27Na,0.4342512073075779,5.69,27Mg
27Mg,816.7096626472422,5.69,27Al
