,e-Folding Time (seconds),Average beta-decay energy,Daughter
27Si,5.939575483339864,5.69,27P
27P,0.3751007106311305,5.69,27S
27S,0.0235159291664901,5.69,27Cl
