,e-Folding Time (seconds),Average beta-decay energy,Daughter
280Rg,6.203588675822541,5.69,280Cn
280Cn,0.007213475204444815,5.69,280Nh
280Nh,0.014426950408889635,5.69,280Fl
