,e-Folding Time (seconds),Average beta-decay energy,Daughter
281Cn,0.25968510736001343,5.69,281Nh
281Nh,0.14426950408889633,5.69,281Fl
