,e-Folding Time (seconds),Average beta-decay energy,Daughter
281Rg,27.411205776890302,5.69,281Cn
281Cn,0.25968510736001343,5.69,281Nh
281Nh,0.14426950408889633,5.69,281Fl
