,e-Folding Time (seconds),Average beta-decay energy,Daughter
283Cn,6.780666692178127,5.69,283Nh
283Nh,0.20197730572445485,5.69,283Fl
