,e-Folding Time (seconds),Average beta-decay energy,Daughter
284Nh,1.3994141896622945,5.69,284Fl
284Fl,0.0044723546267557875,5.69,284Mc
