,e-Folding Time (seconds),Average beta-decay energy,Daughter
285Nh,6.63639718808923,5.69,285Fl
285Fl,0.3029659585866823,5.69,285Mc
