,e-Folding Time (seconds),Average beta-decay energy,Daughter
286Cn,43.2808512266689,5.69,286Nh
286Nh,17.31234049066756,5.69,286Fl
286Fl,0.1875503553155653,5.69,286Mc
