,e-Folding Time (seconds),Average beta-decay energy,Daughter
287Fl,0.7357744708533712,5.69,287Mc
287Mc,0.0865617024533378,5.69,287Lv
