,e-Folding Time (seconds),Average beta-decay energy,Daughter
287Nh,28.85390081777927,5.69,287Fl
287Fl,0.7357744708533712,5.69,287Mc
287Mc,0.0865617024533378,5.69,287Lv
