,e-Folding Time (seconds),Average beta-decay energy,Daughter
288Fl,0.9420798617004932,5.69,288Mc
288Mc,0.2553570222373465,5.69,288Lv
