,e-Folding Time (seconds),Average beta-decay energy,Daughter
289Mc,0.591504966764475,5.69,289Lv
289Lv,0.023083120654223417,5.69,289Ts
