,e-Folding Time (seconds),Average beta-decay energy,Daughter
28P,0.38996046955228686,5.69,28S
28S,0.18033688011112037,5.69,28Cl
