,e-Folding Time (seconds),Average beta-decay energy,Daughter
290Mc,1.2118638343467294,5.69,290Lv
290Lv,0.012984255368000668,5.69,290Ts
