,e-Folding Time (seconds),Average beta-decay energy,Daughter
291Mc,1.4426950408889634,5.69,291Lv
291Lv,0.03751007106311305,5.69,291Ts
291Ts,0.002885390081777927,5.69,291Og
