,e-Folding Time (seconds),Average beta-decay energy,Daughter
292Lv,0.023083120654223417,5.69,292Ts
292Ts,0.014426950408889635,5.69,292Og
