,e-Folding Time (seconds),Average beta-decay energy,Daughter
293Lv,0.10098865286222743,5.69,293Ts
293Ts,0.03606737602222408,5.69,293Og
293Og,0.0014426950408889636,5.69,293N/A
