,e-Folding Time (seconds),Average beta-decay energy,Daughter
294Ts,0.10098865286222743,5.69,294Og
294Og,0.0010098865286222742,5.69,294N/A
