,e-Folding Time (seconds),Average beta-decay energy,Daughter
29F,0.0036067376022224087,5.69,29Ne
29Ne,0.021207617101067763,5.69,29Na
29Na,0.062324425766403214,5.69,29Mg
29Mg,1.875503553155653,5.69,29Al
29Al,567.8447680938959,5.69,29Si
