,e-Folding Time (seconds),Average beta-decay energy,Daughter
29P,5.917935057726528,5.69,29S
29S,0.2712266676871251,5.69,29Cl
29Cl,7.790553220800402e-21,5.69,29Ar
