,e-Folding Time (seconds),Average beta-decay energy,Daughter
30P,216.40425613334452,399.8,30S
30S,1.702091609240799,5.69,30Cl
