,e-Folding Time (seconds),Average beta-decay energy,Daughter
31Cl,0.2741120577689031,5.69,31Ar
31Ar,0.02164042561333445,5.69,31K
