,e-Folding Time (seconds),Average beta-decay energy,Daughter
32Cl,0.4299231221849111,5.69,32Ar
32Ar,0.14138411400711842,5.69,32K
