,e-Folding Time (seconds),Average beta-decay energy,Daughter
33Mg,0.13272794376178462,5.69,33Al
33Al,0.05981413639525642,5.69,33Si
33Si,8.915855352693795,5.69,33P
33P,3159848.3863566434,76.4,33S
