,e-Folding Time (seconds),Average beta-decay energy,Daughter
34Al,0.077516004546964,5.69,34Si
34Si,3.9962652632624276,5.69,34P
34P,17.93269935824981,5.69,34S
