,e-Folding Time (seconds),Average beta-decay energy,Daughter
34Cl,2.2025625189251796,2052.57,34Ar
34Ar,1.221183644310872,5.69,34K
