,e-Folding Time (seconds),Average beta-decay energy,Daughter
35K,0.25276017116374633,5.69,35Ca
35Ca,0.037077262550846354,5.69,35Sc
