,e-Folding Time (seconds),Average beta-decay energy,Daughter
37K,1.7839068450096118,5.69,37Ca
37Ca,0.26112780240090233,5.69,37Sc
