,e-Folding Time (seconds),Average beta-decay energy,Daughter
37Si,0.20342000076534383,5.69,37P
37P,3.3326255444535056,5.69,37S
37S,437.1365973893559,5.69,37Cl
