,e-Folding Time (seconds),Average beta-decay energy,Daughter
38Al,0.012984255368000668,5.69,38Si
38Si,0.0908897875760047,5.69,38P
38P,0.9233248261689366,5.69,38S
38S,14741.457927803429,5.69,38Cl
38Cl,3222.692182337766,420.0,38Ar
