,e-Folding Time (seconds),Average beta-decay energy,Daughter
39Cl,4864.767677877584,163.0,39Ar
39Ar,12201502129.991825,218.8,39K
