,e-Folding Time (seconds),Average beta-decay energy,Daughter
40Sc,0.2630033059540581,5.69,40Ti
40Ti,0.07559722014258168,5.69,40V
