,e-Folding Time (seconds),Average beta-decay energy,Daughter
41Ca,4525482506422.341,2.97,41Sc
41Sc,0.8602790528820886,5.69,41Ti
41Ti,0.11815672384880611,5.69,41V
