,e-Folding Time (seconds),Average beta-decay energy,Daughter
42Ar,1497870970.4355636,5.69,42K
42K,64168.190028659315,20.9,42Ca
