,e-Folding Time (seconds),Average beta-decay energy,Daughter
42Sc,0.9820713682339351,5.69,42Ti
42Ti,0.30051337701717107,5.69,42V
