,e-Folding Time (seconds),Average beta-decay energy,Daughter
43V,0.11440571674249482,5.69,43Cr
43Cr,0.030440865362757124,5.69,43Mn
