,e-Folding Time (seconds),Average beta-decay energy,Daughter
44V,0.16013914953867492,5.69,44Cr
44Cr,0.06174734775004762,5.69,44Mn
