,e-Folding Time (seconds),Average beta-decay energy,Daughter
45Ti,15996.602613376826,133.38,45V
45V,0.7891541873662631,5.69,45Cr
45Cr,0.08786012799013788,5.69,45Mn
