,e-Folding Time (seconds),Average beta-decay energy,Daughter
46Ar,12.118638343467294,5.69,46K
46K,138.93153243760716,5.69,46Ca
