,e-Folding Time (seconds),Average beta-decay energy,Daughter
46Mn,0.05222556048018047,5.69,46Fe
46Fe,0.018755035531556524,5.69,46Co
