,e-Folding Time (seconds),Average beta-decay energy,Daughter
47Mn,0.12695716359822878,5.69,47Fe
47Fe,0.03159502139546829,5.69,47Co
