,e-Folding Time (seconds),Average beta-decay energy,Daughter
48Cr,111976.21829363781,92.0,48Mn
48Mn,0.22809008596454514,5.69,48Fe
48Fe,0.06535408535227004,5.69,48Co
