,e-Folding Time (seconds),Average beta-decay energy,Daughter
49K,1.817795751520094,5.69,49Ca
49Ca,754.6449219881987,174.8,49Sc
49Sc,4949.598146281855,69.0,49Ti
