,e-Folding Time (seconds),Average beta-decay energy,Daughter
50Fe,0.21928964621512245,5.69,50Co
50Co,0.05597656758649178,5.69,50Ni
50Ni,0.026689858256445827,5.69,50Cu
