,e-Folding Time (seconds),Average beta-decay energy,Daughter
51Fe,0.44059906548748945,5.69,51Co
51Co,0.0992574188131607,5.69,51Ni
51Ni,0.034336141973157326,5.69,51Cu
