,e-Folding Time (seconds),Average beta-decay energy,Daughter
52Co,0.16114903606729722,5.69,52Ni
52Ni,0.06030465270915867,5.69,52Cu
