,e-Folding Time (seconds),Average beta-decay energy,Daughter
52Sc,11.830099335289496,5.69,52Ti
52Ti,147.15489417067428,5.69,52V
52V,324.0004522828434,5.69,52Cr
