,e-Folding Time (seconds),Average beta-decay energy,Daughter
53Co,0.35288320700144044,5.69,53Ni
53Ni,0.07963676625707078,5.69,53Cu
