,e-Folding Time (seconds),Average beta-decay energy,Daughter
55Cu,0.08064665278569305,5.69,55Zn
55Zn,0.028565361809601477,5.69,55Ga
