,e-Folding Time (seconds),Average beta-decay energy,Daughter
56Cu,0.11656975930382822,5.69,56Zn
56Zn,0.04674331932480241,5.69,56Ga
