,e-Folding Time (seconds),Average beta-decay energy,Daughter
56V,0.31162212883201607,5.69,56Cr
56Cr,514.1765125728266,5.69,56Mn
56Mn,13394.038467414772,73.6,56Fe
