,e-Folding Time (seconds),Average beta-decay energy,Daughter
57V,0.5049432643111372,5.69,57Cr
57Cr,30.44086536275713,5.69,57Mn
57Mn,123.20615649191744,5.69,57Fe
