,e-Folding Time (seconds),Average beta-decay energy,Daughter
58V,0.27555475280979197,5.69,58Cr
58Cr,10.098865286222745,5.69,58Mn
58Mn,4.32808512266689,5.69,58Fe
