,e-Folding Time (seconds),Average beta-decay energy,Daughter
59Ni,3687767434810.962,0.75,59Cu
59Cu,117.5796458324505,5.69,59Zn
59Zn,0.25780960380685775,5.69,59Ga
