,e-Folding Time (seconds),Average beta-decay energy,Daughter
60Mn,0.4039546114489097,5.69,60Fe
60Fe,119283.3417185768,51.1,60Co
60Co,239996262.4180556,95.77,60Ni
