,e-Folding Time (seconds),Average beta-decay energy,Daughter
60Zn,206.01685183894392,5.69,60Ga
60Ga,0.10445112096036094,5.69,60Ge
60Ge,0.030296595858668233,5.69,60As
