,e-Folding Time (seconds),Average beta-decay energy,Daughter
61Ga,0.23934310728347902,5.69,61Ge
61Ge,0.05871768816418081,5.69,61As
