,e-Folding Time (seconds),Average beta-decay energy,Daughter
62Ga,0.16752863353810818,5.69,62Ge
62Ge,0.11902234087333949,5.69,62As
