,e-Folding Time (seconds),Average beta-decay energy,Daughter
63Fe,8.800439749422676,5.69,63Co
63Co,38.80849659991311,5.69,63Ni
63Ni,4607432893.862584,17.425,63Cu
