,e-Folding Time (seconds),Average beta-decay energy,Daughter
63Zn,3330.0286933799057,341.4,63Ga
63Ga,46.74331932480242,5.69,63Ge
63Ge,0.22159795828054477,5.69,63As
