,e-Folding Time (seconds),Average beta-decay energy,Daughter
64Mn,0.12811131963093994,5.69,64Fe
64Fe,2.8853900817779268,5.69,64Co
64Co,0.43280851226668904,5.69,64Ni
