,e-Folding Time (seconds),Average beta-decay energy,Daughter
65As,0.18798316382783198,5.69,65Se
65Se,0.04934017039840254,5.69,65Br
