,e-Folding Time (seconds),Average beta-decay energy,Daughter
66Co,0.2798828379324589,5.69,66Ni
66Ni,283576.1372371346,65.0,66Cu
66Cu,443.1959165610896,266.2,66Zn
