,e-Folding Time (seconds),Average beta-decay energy,Daughter
66Ge,11737.766852672605,162.0,66As
66As,0.138166904065936,5.69,66Se
66Se,0.07790553220800402,5.69,66Br
