,e-Folding Time (seconds),Average beta-decay energy,Daughter
67Ge,1636.0161763680842,202.9,67As
67As,61.314539237780956,5.69,67Se
67Se,0.1918784404382321,5.69,67Br
