,e-Folding Time (seconds),Average beta-decay energy,Daughter
69Ge,202814.0688481705,144.9,69As
69As,1315.7378772907346,321.0,69Se
69Se,39.529844120357595,5.69,69Br
