,e-Folding Time (seconds),Average beta-decay energy,Daughter
69Ni,16.44672346613418,5.69,69Cu
69Cu,246.70085199201276,5.69,69Zn
69Zn,4882.080018368252,321.4,69Ga
