,e-Folding Time (seconds),Average beta-decay energy,Daughter
70Br,0.11368436922205029,5.69,70Kr
70Kr,0.06492127684000336,5.69,70Rb
