,e-Folding Time (seconds),Average beta-decay energy,Daughter
71Se,410.30246962882126,5.69,71Br
71Br,30.87367387502381,5.69,71Kr
71Kr,0.14253827003982958,5.69,71Rb
