,e-Folding Time (seconds),Average beta-decay energy,Daughter
72Br,113.3958302138725,5.69,72Kr
72Kr,24.75664690165462,5.69,72Rb
72Rb,1.4859758921156322e-07,5.69,72Sr
