,e-Folding Time (seconds),Average beta-decay energy,Daughter
72Cu,9.565068121093827,5.69,72Zn
72Zn,241507.1498448125,72.4,72Ga
72Ga,72841.67261448376,51.8,72Ge
