,e-Folding Time (seconds),Average beta-decay energy,Daughter
73Cu,6.059319171733647,5.69,73Zn
73Zn,35.3460285017796,5.69,73Ga
73Ga,25241.3924353933,57.1,73Ge
