,e-Folding Time (seconds),Average beta-decay energy,Daughter
74Fe,0.007213475204444815,5.69,74Co
74Co,0.04515635477982454,5.69,74Ni
74Ni,0.7324562722593266,5.69,74Cu
74Cu,2.3169682356676753,5.69,74Zn
74Zn,137.92164590898489,5.69,74Ga
74Ga,702.881023921103,5.69,74Ge
