,e-Folding Time (seconds),Average beta-decay energy,Daughter
74Rb,0.09345778474878706,5.69,74Sr
74Sr,0.03981838312853539,5.69,74Y
