,e-Folding Time (seconds),Average beta-decay energy,Daughter
76Ga,44.146468251202286,5.69,76Ge
76Ge,8.559262688203221e+28,5.69,76As
76As,136278.58938081726,87.8,76Se
