,e-Folding Time (seconds),Average beta-decay energy,Daughter
76Sr,11.382863872613921,5.69,76Y
76Y,0.040395461144890975,5.69,76Zr
