,e-Folding Time (seconds),Average beta-decay energy,Daughter
77Y,0.0908897875760047,5.69,77Zr
77Zr,0.00014426950408889634,5.69,77Nb
