,e-Folding Time (seconds),Average beta-decay energy,Daughter
78Ga,7.343317758124824,5.69,78Ge
78Ge,7617.429815893727,220.0,78As
78As,7851.146412517739,159.0,78Se
