,e-Folding Time (seconds),Average beta-decay energy,Daughter
78Sr,225.20469588276714,5.69,78Y
78Y,0.07790553220800402,5.69,78Zr
78Zr,0.07213475204444816,5.69,78Nb
