,e-Folding Time (seconds),Average beta-decay energy,Daughter
79Ge,27.382351876072516,5.69,79As
79As,779.9209391045737,5.69,79Se
79Se,14887653718310.92,55.8,79Br
