,e-Folding Time (seconds),Average beta-decay energy,Daughter
79Sr,194.76383052001006,5.69,79Y
79Y,21.35188660515666,5.69,79Zr
79Zr,0.08079092228978195,5.69,79Nb
