,e-Folding Time (seconds),Average beta-decay energy,Daughter
80Ga,2.74112057768903,5.69,80Ge
80Ge,42.55950370622442,5.69,80As
80As,21.92896462151224,5.69,80Se
