,e-Folding Time (seconds),Average beta-decay energy,Daughter
82As,27.555475280979206,5.69,82Se
82Se,3.9882521887585217e+27,5.69,82Br
82Br,183244.19915751988,76.2,82Kr
