,e-Folding Time (seconds),Average beta-decay energy,Daughter
82Nb,0.07357744708533714,5.69,82Mo
82Mo,0.043280851226668894,5.69,82Tc
