,e-Folding Time (seconds),Average beta-decay energy,Daughter
85Se,47.46466684524689,5.69,85Br
85Br,251.0289371146796,5.69,85Kr
85Kr,488424309.1438519,1.5,85Rb
