,e-Folding Time (seconds),Average beta-decay energy,Daughter
86Tc,0.07934822724889298,5.69,86Ru
86Ru,0.07213475204444816,5.69,86Rh
