,e-Folding Time (seconds),Average beta-decay energy,Daughter
87Br,80.32925987669748,5.69,87Kr
87Kr,6604.657897189673,286.8,87Rb
87Rb,2.2627412532111703e+18,81.7,87Sr
