,e-Folding Time (seconds),Average beta-decay energy,Daughter
88Br,23.57363696812566,5.69,88Kr
88Kr,14672.208565840761,38.0,88Rb
88Rb,1539.067069620346,143.9,88Sr
