,e-Folding Time (seconds),Average beta-decay energy,Daughter
88Tc,9.233248261689365,5.69,88Ru
88Ru,2.164042561333445,5.69,88Rh
88Rh,0.0014426950408889636,5.69,88Pd
