,e-Folding Time (seconds),Average beta-decay energy,Daughter
89Mo,182.6451921765428,5.69,89Tc
89Tc,18.46649652337873,5.69,89Ru
89Ru,1.9043574539734316,5.69,89Rh
