,e-Folding Time (seconds),Average beta-decay energy,Daughter
8Be,1.181567238488061e-16,5.69,8B
8B,1.1136163020621908,5.69,8C
8C,5.04943264311137e-21,5.69,8N
