,e-Folding Time (seconds),Average beta-decay energy,Daughter
90Rb,227.94581646045623,5.69,90Sr
90Sr,1316214278.276357,195.8,90Y
90Y,332656.6225281772,1.91,90Zr
