,e-Folding Time (seconds),Average beta-decay energy,Daughter
90Rh,0.04183815618577994,5.69,90Pd
90Pd,0.014426950408889635,5.69,90Ag
