,e-Folding Time (seconds),Average beta-decay energy,Daughter
91Rb,83.96485137973767,5.69,91Sr
91Sr,50119.22572048259,36.2,91Y
91Y,7293204.3031845065,1.91,91Zr
