,e-Folding Time (seconds),Average beta-decay energy,Daughter
93Rh,20.053461068356594,5.69,93Pd
93Pd,1.6879531978400872,5.69,93Ag
93Ag,3.289344693226837e-07,5.69,93Cd
