,e-Folding Time (seconds),Average beta-decay energy,Daughter
94Pd,13.128524872089564,5.69,94Ag
94Ag,0.03895276610400201,5.69,94Cd
94Cd,0.11541560327111708,5.69,94In
