,e-Folding Time (seconds),Average beta-decay energy,Daughter
94Rb,3.8981620004819786,5.69,94Sr
94Sr,108.63493657893895,5.69,94Y
94Y,1618.7038358774166,70.8,94Zr
