,e-Folding Time (seconds),Average beta-decay energy,Daughter
95Pd,10.67594330257833,5.69,95Ag
95Ag,2.5679971727823547,5.69,95Cd
95Cd,0.046166241308446834,5.69,95In
