,e-Folding Time (seconds),Average beta-decay energy,Daughter
96Ag,6.419992931955886,5.69,96Cd
96Cd,0.00432808512266689,5.69,96In
96In,0.0014426950408889636,5.69,96Sn
