,e-Folding Time (seconds),Average beta-decay energy,Daughter
97Ag,36.78872354266856,5.69,97Cd
97Cd,1.673526247431197,5.69,97In
97In,0.05193702147200268,5.69,97Sn
