,e-Folding Time (seconds),Average beta-decay energy,Daughter
99Cd,24.525815695112378,5.69,99In
99In,4.486781577164676,5.69,99Sn
99Sn,0.03462468098133512,5.69,99Sb
