,e-Folding Time (seconds),Average beta-decay energy,Daughter
99Nb,21.64042561333445,5.69,99Mo
99Mo,342431.16996920813,59.9,99Tc
99Tc,9610959327019.68,1.6286,99Ru
