E(MeV),xs(mb)
44.0,5.61207e-6
46.0,0.00019765400000000002
48.0,0.00119156
50.0,0.00369025
52.0,0.00783821
54.0,0.013073399999999999
56.0,0.018487100000000003
58.0,0.0243747
60.0,0.0299526
65.0,0.0395592
70.0,0.04482560000000001
75.0,0.0471002
80.0,0.0479561
90.0,0.046281499999999996
100.0,0.0438778
110.00000000000001,0.041302500000000006
120.0,0.0385449
130.0,0.0358283
140.0,0.0351672
150.0,0.0342344
160.0,0.0333718
180.0,0.0316564
200.0,0.029888300000000003
