E(MeV),xs(mb)
46.0,2.5785399999999995e-7
48.0,8.493779999999998e-6
50.0,5.5323100000000006e-5
52.0,0.00017698300000000002
54.0,0.000389777
56.0,0.000660745
58.0,0.00100682
60.0,0.0013931500000000001
65.0,0.00234348
70.0,0.00307586
75.0,0.0035846800000000002
80.0,0.00394198
90.0,0.00423714
100.0,0.0042603499999999996
110.00000000000001,0.00420229
120.0,0.00403219
130.0,0.00389297
140.0,0.00384656
150.0,0.00376586
160.0,0.00369607
180.0,0.00353791
200.0,0.0033765600000000002
