E(MeV),xs(mb)
48.0,4.1766100000000004e-8
50.0,1.5673999999999998e-6
52.0,1.2020100000000002e-5
54.0,5.0406000000000005e-5
56.0,0.000140764
58.0,0.000292394
60.0,0.00048826500000000004
65.0,0.0011368300000000001
70.0,0.00176635
75.0,0.00221001
80.0,0.00253321
90.0,0.00285765
100.0,0.00288482
110.00000000000001,0.00280009
120.0,0.00268302
130.0,0.00257727
140.0,0.0025587599999999998
150.0,0.00252486
160.0,0.00249563
180.0,0.0024323
200.0,0.002366
