E(MeV),xs(mb)
38.0,1.3113600000000003e-5
40.0,0.000608182
42.0,0.00442471
44.0,0.0161274
46.0,0.0397433
48.0,0.0721703
50.0,0.114096
52.0,0.157149
54.0,0.199267
56.0,0.234121
58.0,0.259301
60.0,0.27938999999999997
65.0,0.291514
70.0,0.29387
75.0,0.284094
80.0,0.268979
90.0,0.24732300000000002
100.0,0.22163400000000003
110.00000000000001,0.20280300000000004
120.0,0.182957
130.0,0.167045
140.0,0.151617
150.0,0.137439
160.0,0.127544
180.0,0.11905500000000001
200.0,0.11035500000000001
