E(MeV),xs(mb)
1.74883,0.0
1.8,0.1
1.9,0.8667
2.0,2.2
2.1,4.4
2.2,8.0
2.7,33.0
2.9,270.0
3.1,370.0
3.3,426.99999999999994
3.5,468.0
3.9,509.99999999999994
4.3,527.0
4.8,540.0
5.4,550.0
5.9,557.0
6.45,558.0
7.0,559.0
9.0,547.0
10.700000000000001,530.0
13.100000000000001,500.0
16.0,455.0
18.0,418.0
20.0,375.0
