E(MeV),xs(mb)
32.0,1.52904
34.0,14.1561
36.0,43.4333
38.0,81.79119999999999
40.0,117.969
42.0,145.982
44.0,159.826
46.0,159.63
48.0,153.042
50.0,140.85000000000002
52.0,127.69
54.0,116.09899999999999
56.0,105.89
58.0,96.4222
60.0,89.6476
65.0,77.9054
70.0,69.4163
75.0,61.9303
80.0,56.0025
90.0,47.8024
100.0,41.5869
110.00000000000001,37.1683
120.0,33.2795
130.0,30.191599999999998
140.0,27.324
150.0,24.899
160.0,22.5348
180.0,18.8348
200.0,15.9678
