E(MeV),xs(mb)
36.0,0.0035329199999999997
38.0,0.0548299
40.0,0.261833
42.0,0.7286790000000001
44.0,1.52265
46.0,2.57058
48.0,3.8255
50.0,5.03633
52.0,6.10867
54.0,6.94151
56.0,7.55765
58.0,7.93423
60.0,8.1741
65.0,8.01743
70.0,7.50833
75.0,6.93216
80.0,6.45407
90.0,5.67157
100.0,5.04128
110.00000000000001,4.48695
120.0,4.00467
130.0,3.63058
140.0,3.30315
150.0,3.02399
160.0,2.7917
180.0,2.39384
200.0,2.08212
