E(MeV),xs(mb)
32.0,0.024006500000000004
34.0,1.12722
36.0,5.64671
38.0,13.178700000000001
40.0,21.2955
42.0,27.3579
44.0,31.726399999999998
46.0,33.7173
48.0,35.3851
50.0,35.440999999999995
52.0,34.9623
54.0,34.3044
56.0,33.5646
58.0,33.0758
60.0,31.8735
65.0,28.3963
70.0,25.2952
75.0,23.028100000000002
80.0,21.214
90.0,18.1389
100.0,15.6959
110.00000000000001,14.0366
120.0,12.551000000000002
130.0,11.1644
140.0,10.1706
150.0,9.07572
160.0,8.21885
180.0,6.79938
200.0,6.1238
