E(MeV),xs(mb)
40.0,4.45342e-6
42.0,0.00010364
44.0,0.000604979
46.0,0.00188754
48.0,0.00444567
50.0,0.00808167
52.0,0.012230600000000001
54.0,0.0162777
56.0,0.0196695
58.0,0.022576299999999997
60.0,0.0255435
65.0,0.028485100000000003
70.0,0.029790800000000003
75.0,0.0290779
80.0,0.0280237
90.0,0.0257121
100.0,0.0228912
110.00000000000001,0.0208445
120.0,0.0189535
130.0,0.0171277
140.0,0.0161894
150.0,0.015593999999999998
160.0,0.0150577
180.0,0.014063
200.0,0.013193600000000002
