E(MeV),xs(mb)
48.0,2.05085e-8
50.0,1.23768e-6
52.0,1.0897800000000001e-5
54.0,4.00247e-5
56.0,0.00010235300000000001
58.0,0.00019024300000000001
60.0,0.00031125600000000004
65.0,0.000681039
70.0,0.00102426
75.0,0.00126992
80.0,0.00144028
90.0,0.00161362
100.0,0.0016019699999999999
110.00000000000001,0.00157289
120.0,0.00149629
130.0,0.00146505
140.0,0.00146278
150.0,0.00144943
160.0,0.00143728
180.0,0.00140712
200.0,0.00137926
