E(MeV),xs(mb)
32.0,0.32812100000000005
34.0,6.39657
36.0,23.3292
38.0,44.648
40.0,63.0578
42.0,74.8465
44.0,80.4693
46.0,80.5912
48.0,76.26490000000001
50.0,70.3177
52.0,64.9609
54.0,59.9122
56.0,56.0947
58.0,53.228
60.0,51.178999999999995
65.0,47.467600000000004
70.0,44.4295
75.0,42.3224
80.0,39.771100000000004
90.0,34.6258
100.0,30.6911
110.00000000000001,27.8859
120.0,25.6066
130.0,23.155800000000003
140.0,21.2726
150.0,19.5069
160.0,17.792099999999998
180.0,15.1602
200.0,12.918700000000001
