E(MeV),xs(mb)
34.0,0.00149204
36.0,0.0320968
38.0,0.162136
40.0,0.44281600000000004
42.0,0.862186
44.0,1.36657
46.0,1.87459
48.0,2.32897
50.0,2.69429
52.0,2.93978
54.0,3.07143
56.0,3.18771
58.0,3.21824
60.0,3.24359
65.0,3.15862
70.0,3.07171
75.0,2.93466
80.0,2.83251
90.0,2.62612
100.0,2.40035
110.00000000000001,2.20527
120.0,2.01058
130.0,1.8473
140.0,1.67881
150.0,1.54098
160.0,1.41002
180.0,1.17842
200.0,1.03408
