E(MeV),xs(mb)
42.0,3.4739099999999996e-7
44.0,1.91019e-5
46.0,0.00017499600000000002
48.0,0.0007238730000000001
50.0,0.00188933
52.0,0.00368204
54.0,0.00589147
56.0,0.008041560000000001
58.0,0.010205599999999999
60.0,0.0123038
65.0,0.0159247
70.0,0.0176158
75.0,0.0186266
80.0,0.0187766
90.0,0.0186897
100.0,0.0178915
110.00000000000001,0.0172802
120.0,0.0164066
130.0,0.0152943
140.0,0.0144925
150.0,0.0141908
160.0,0.0138856
180.0,0.0132128
200.0,0.012549
