E(MeV),xs(mb)
32.0,0.10928700000000001
34.0,2.64323
36.0,10.8079
38.0,22.2818
40.0,33.2949
42.0,42.209399999999995
44.0,47.0954
46.0,48.8047
48.0,47.8622
50.0,45.1652
52.0,41.8607
54.0,38.7364
56.0,35.8031
58.0,33.0945
60.0,30.9577
65.0,26.430500000000002
70.0,23.1231
75.0,20.382199999999997
80.0,18.519000000000002
90.0,15.5397
100.0,13.396600000000001
110.00000000000001,11.913499999999999
120.0,10.6586
130.0,9.39062
140.0,8.44402
150.0,7.57008
160.0,6.90345
180.0,5.71193
200.0,4.78036
