E(MeV),xs(mb)
36.0,0.009972680000000001
38.0,0.33547600000000005
40.0,1.73384
42.0,4.33397
44.0,7.43956
46.0,10.331600000000002
48.0,12.5758
50.0,13.965300000000001
52.0,14.4337
54.0,14.360599999999998
56.0,14.0712
58.0,13.4473
60.0,12.7664
65.0,11.253
70.0,9.97662
75.0,8.78888
80.0,7.80282
90.0,6.49625
100.0,5.52838
110.00000000000001,4.88056
120.0,4.38958
130.0,3.9506
140.0,3.55856
150.0,3.23056
160.0,2.92025
180.0,2.46547
200.0,2.25897
