E(MeV),xs(mb)
42.0,2.01076e-5
44.0,0.000536861
46.0,0.00297422
48.0,0.00821537
50.0,0.0167327
52.0,0.0280106
54.0,0.0416918
56.0,0.0545254
58.0,0.0668875
60.0,0.0782084
65.0,0.09540290000000001
70.0,0.10190300000000002
75.0,0.10220499999999999
80.0,0.09948499999999999
90.0,0.0951682
100.0,0.0875592
110.00000000000001,0.08072950000000001
120.0,0.0744101
130.0,0.068959
140.0,0.0634156
150.0,0.0577593
160.0,0.055333
180.0,0.0523018
200.0,0.0500974
