E(MeV),xs(mb)
32.0,0.563132
34.0,6.47403
36.0,20.2442
38.0,35.9976
40.0,49.7802
42.0,60.02589999999999
44.0,66.8236
46.0,71.2186
48.0,72.79759999999999
50.0,72.4582
52.0,70.5796
54.0,69.0834
56.0,67.1418
58.0,65.0437
60.0,63.246399999999994
65.0,59.086
70.0,55.3134
75.0,52.800599999999996
80.0,49.756
90.0,43.555
100.0,38.2143
110.00000000000001,34.4746
120.0,31.061200000000003
130.0,27.6553
140.0,25.574499999999997
150.0,22.816000000000003
160.0,21.0869
180.0,17.2956
200.0,14.8644
