E(MeV),xs(mb)
32.0,1.4012500000000002e-5
34.0,0.107435
36.0,1.0304
38.0,3.57834
40.0,7.67753
42.0,12.3722
44.0,16.5143
46.0,19.1679
48.0,19.5905
50.0,18.5357
52.0,16.5057
54.0,14.31
56.0,12.2391
58.0,10.538499999999999
60.0,9.16152
65.0,6.97966
70.0,6.05706
75.0,5.46725
80.0,5.12695
90.0,4.72149
100.0,4.27749
110.00000000000001,3.76154
120.0,3.34385
130.0,2.96076
140.0,2.66353
150.0,2.38434
160.0,2.13189
180.0,1.76653
200.0,1.64078
