E(MeV),xs(mb)
42.0,4.4672499999999995e-6
44.0,0.00020217800000000001
46.0,0.00129152
48.0,0.0036046
50.0,0.0070713
52.0,0.0110937
54.0,0.015430200000000002
56.0,0.0203374
58.0,0.0258771
60.0,0.0299363
65.0,0.0377181
70.0,0.0416035
75.0,0.0430502
80.0,0.042919200000000005
90.0,0.040875800000000004
100.0,0.037818700000000004
110.00000000000001,0.035395300000000005
120.0,0.0323324
130.0,0.029767000000000002
140.0,0.0276204
150.0,0.0262058
160.0,0.0252232
180.0,0.024316499999999998
200.0,0.0232232
