E(MeV),xs(mb)
36.0,0.00661562
38.0,0.11703
40.0,0.50964
42.0,1.18219
44.0,2.03062
46.0,2.96842
48.0,3.88991
50.0,4.64193
52.0,5.26671
54.0,5.71731
56.0,5.99127
58.0,6.1708
60.0,6.14744
65.0,6.06101
70.0,5.83659
75.0,5.56066
80.0,5.2962
90.0,4.83601
100.0,4.32966
110.00000000000001,3.92309
120.0,3.61159
130.0,3.29305
140.0,2.9734
150.0,2.73006
160.0,2.47378
180.0,2.10468
200.0,1.96749
