E(MeV),xs(mb)
32.0,2.40243
34.0,17.8559
36.0,48.2244
38.0,80.7101
40.0,109.887
42.0,131.215
44.0,145.26
46.0,148.627
48.0,147.699
50.0,142.927
52.0,136.871
54.0,130.46800000000002
56.0,123.431
58.0,115.645
60.0,108.504
65.0,94.7188
70.0,83.3606
75.0,75.0793
80.0,68.6768
90.0,58.9997
100.0,51.9297
110.00000000000001,46.9689
120.0,43.0267
130.0,38.8848
140.0,35.3748
150.0,32.3247
160.0,29.622700000000002
180.0,24.8612
200.0,21.3542
