E(MeV),xs(mb)
34.0,0.0180877
36.0,0.315823
38.0,1.44141
40.0,3.61907
42.0,6.64814
44.0,10.1502
46.0,13.526100000000001
48.0,16.1597
50.0,17.9895
52.0,19.0033
54.0,19.4071
56.0,19.2498
58.0,17.7073
60.0,17.0386
65.0,15.6753
70.0,14.5167
75.0,13.4453
80.0,12.6509
90.0,11.5067
100.0,10.5352
110.00000000000001,9.77583
120.0,8.97937
130.0,8.33786
140.0,7.77377
150.0,7.20752
160.0,6.71289
180.0,5.79131
200.0,5.1464
