E(MeV),xs(mb)
34.0,1.08992e-7
36.0,0.000121614
38.0,0.00179523
40.0,0.00875922
42.0,0.0243622
44.0,0.0480298
46.0,0.0764547
48.0,0.10386800000000002
50.0,0.125663
52.0,0.146047
54.0,0.159894
56.0,0.167719
58.0,0.17334300000000002
60.0,0.17769900000000002
65.0,0.178705
70.0,0.176105
75.0,0.168834
80.0,0.160924
90.0,0.14650700000000003
100.0,0.131589
110.00000000000001,0.119776
120.0,0.108209
130.0,0.0985549
140.0,0.0889218
150.0,0.0809088
160.0,0.0746663
180.0,0.0690451
200.0,0.0643031
