E(MeV),xs(mb)
36.0,0.0085758
38.0,0.157699
40.0,0.709393
42.0,1.76178
44.0,3.19582
46.0,4.69628
48.0,6.02085
50.0,6.94969
52.0,7.43341
54.0,7.61047
56.0,7.58526
58.0,7.40327
60.0,7.32011
65.0,7.02013
70.0,6.54385
75.0,5.99029
80.0,5.58777
90.0,4.98569
100.0,4.49473
110.00000000000001,4.09842
120.0,3.71113
130.0,3.3661
140.0,3.09744
150.0,2.80147
160.0,2.59204
180.0,2.22098
200.0,2.10071
