E(MeV),xs(mb)
34.0,0.598269
36.0,5.99748
38.0,19.093500000000002
40.0,35.9481
42.0,50.974000000000004
44.0,61.921600000000005
46.0,66.98870000000001
48.0,68.07050000000001
50.0,65.4028
52.0,60.3989
54.0,55.1199
56.0,49.8282
58.0,45.16
60.0,41.9377
65.0,37.101600000000005
70.0,34.065400000000004
75.0,32.2144
80.0,30.1843
90.0,26.5206
100.0,23.270599999999998
110.00000000000001,21.1176
120.0,19.2425
130.0,17.4696
140.0,15.9356
150.0,14.4144
160.0,13.0808
180.0,11.0738
200.0,9.59622
