E(MeV),xs(mb)
38.0,0.00132333
40.0,0.0229323
42.0,0.09246460000000001
44.0,0.21993100000000002
46.0,0.40045900000000006
48.0,0.619901
50.0,0.8500500000000001
52.0,1.09478
54.0,1.29847
56.0,1.4817
58.0,1.62528
60.0,1.74407
65.0,1.86789
70.0,1.88935
75.0,1.85275
80.0,1.75769
90.0,1.61374
100.0,1.48952
110.00000000000001,1.389
120.0,1.27372
130.0,1.18416
140.0,1.07518
150.0,0.9762510000000001
160.0,0.902245
180.0,0.753325
200.0,0.643494
