E(MeV),xs(mb)
52.0,8.55114e-8
54.0,4.93325e-6
56.0,4.22174e-5
58.0,0.000184634
60.0,0.0005256120000000001
65.0,0.00237541
70.0,0.00486919
75.0,0.0070924199999999995
80.0,0.008578440000000001
90.0,0.00970585
100.0,0.00972335
110.00000000000001,0.0094867
120.0,0.009002950000000001
130.0,0.00837342
140.0,0.00770489
150.0,0.00706558
160.0,0.00664504
180.0,0.00612986
200.0,0.00569311
