E(MeV),xs(mb)
40.0,1.5497e-5
42.0,0.0006821780000000001
44.0,0.0046911800000000005
46.0,0.015171500000000001
48.0,0.0347727
50.0,0.0629516
52.0,0.0929538
54.0,0.12599100000000002
56.0,0.16018500000000002
58.0,0.188619
60.0,0.214979
65.0,0.255448
70.0,0.26339100000000004
75.0,0.26127
80.0,0.255841
90.0,0.23467300000000002
100.0,0.214254
110.00000000000001,0.19823000000000002
120.0,0.180684
130.0,0.165427
140.0,0.150949
150.0,0.137498
160.0,0.125703
180.0,0.105409
200.0,0.0969013
