E(MeV),xs(mb)
32.0,0.00401042
34.0,0.943014
36.0,8.07542
38.0,23.845100000000002
40.0,42.640299999999996
42.0,59.41499999999999
44.0,70.6733
46.0,75.8561
48.0,74.5443
50.0,68.3987
52.0,61.047900000000006
54.0,53.559799999999996
56.0,46.8348
58.0,40.9115
60.0,35.9969
65.0,27.700300000000002
70.0,23.4861
75.0,20.6922
80.0,18.9038
90.0,15.7471
100.0,13.2577
110.00000000000001,11.4867
120.0,10.043299999999999
130.0,9.0264
140.0,7.9627
150.0,7.17227
160.0,6.35038
180.0,5.2009
200.0,4.41678
