E(MeV),xs(mb)
38.0,0.11231000000000001
40.0,0.9286440000000001
42.0,2.62708
44.0,4.90155
46.0,7.46471
48.0,9.87196
50.0,11.7897
52.0,13.104800000000001
54.0,13.8705
56.0,14.8227
58.0,15.4542
60.0,15.776699999999998
65.0,15.2714
70.0,14.427900000000001
75.0,13.6212
80.0,12.8659
90.0,11.5304
100.0,10.5291
110.00000000000001,9.80143
120.0,9.11934
130.0,8.48882
140.0,7.88651
150.0,7.31768
160.0,6.80622
180.0,5.8697
200.0,5.5528
