E(MeV),xs(mb)
32.0,0.310155
34.0,3.41676
36.0,9.80435
38.0,17.4219
40.0,24.5559
42.0,30.556800000000003
44.0,35.469
46.0,38.1207
48.0,39.2057
50.0,39.466899999999995
52.0,39.4721
54.0,39.251200000000004
56.0,38.279
58.0,36.9966
60.0,35.9918
65.0,33.272
70.0,30.9987
75.0,28.9995
80.0,27.405
90.0,25.0137
100.0,22.7225
110.00000000000001,20.8739
120.0,19.0597
130.0,17.6727
140.0,16.271
150.0,14.912799999999999
160.0,13.7592
180.0,11.690199999999999
200.0,10.1652
