E(MeV),xs(mb)
11.561,0.0
11.75,0.9621600000000001
12.0,6.111
12.25,15.738000000000001
12.5,27.799999999999997
12.75,42.77
13.0,57.519999999999996
13.25,66.632
13.5,75.92
13.75,91.43299999999999
14.0,107.1
14.25,120.05999999999999
14.5,130.7
14.75,138.7
15.0,145.6
15.25,151.85999999999999
15.5,157.5
15.75,162.01000000000002
16.0,164.5
16.5,163.9
17.0,163.1
17.5,165.94
18.0,168.5
18.5,169.79
19.0,170.4
19.5,170.18
20.0,169.2
