E(MeV),xs(mb)
32.8228,1.4733200000000002e-5
35.0,1.4333400000000002e-5
40.0,0.004318069999999999
50.0,0.0290307
60.0,0.0400811
70.0,0.0405819
80.0,0.039861100000000003
90.0,0.036377700000000006
100.0,0.035927600000000004
110.00000000000001,0.046749099999999995
120.0,0.044834
130.0,0.044624699999999996
140.0,0.0427475
150.0,0.0426096
