E(MeV),xs(mb)
44.0,1.9108199999999997e-6
46.0,6.99184e-5
48.0,0.0005019730000000001
50.0,0.00165635
52.0,0.00383627
54.0,0.0067985300000000005
56.0,0.010433900000000001
58.0,0.0143401
60.0,0.018318
65.0,0.026997
70.0,0.0322241
75.0,0.0362114
80.0,0.0386648
90.0,0.0398808
100.0,0.0394677
110.00000000000001,0.0384166
120.0,0.0367778
130.0,0.0347719
140.0,0.0326156
150.0,0.0305559
160.0,0.0284544
180.0,0.0246089
200.0,0.0227094
