E(MeV),xs(mb)
46.0,8.6995e-7
48.0,1.8085800000000002e-5
50.0,9.718790000000001e-5
52.0,0.000273894
54.0,0.0005235350000000001
56.0,0.000857663
58.0,0.00123399
60.0,0.0016014
65.0,0.0023788399999999997
70.0,0.00282073
75.0,0.00305807
80.0,0.00317481
90.0,0.00316886
100.0,0.00305066
110.00000000000001,0.0029265100000000002
120.0,0.0027795000000000003
130.0,0.00260053
140.0,0.00243187
150.0,0.0023723800000000003
160.0,0.00231098
180.0,0.00216669
200.0,0.00204214
