E(MeV),xs(mb)
32.0,1.83088
34.0,17.3495
36.0,50.0346
38.0,86.1591
40.0,114.581
42.0,133.441
44.0,139.823
46.0,137.026
48.0,128.148
50.0,116.56899999999999
52.0,104.568
54.0,95.2226
56.0,86.15030000000002
58.0,80.0924
60.0,74.8813
65.0,66.5648
70.0,60.3867
75.0,54.1469
80.0,49.4715
90.0,41.8142
100.0,36.2699
110.00000000000001,32.4955
120.0,29.456400000000002
130.0,26.1942
140.0,24.0089
150.0,21.5827
160.0,19.9598
180.0,16.7799
200.0,13.9726
