E(MeV),xs(mb)
36.0,0.25374500000000005
38.0,3.0654
40.0,9.33332
42.0,19.056900000000002
44.0,30.1451
46.0,39.1783
48.0,42.977999999999994
50.0,41.8523
52.0,38.305099999999996
54.0,34.254
56.0,29.918200000000002
58.0,26.4859
60.0,24.3882
65.0,20.689600000000002
70.0,18.5132
75.0,16.919800000000002
80.0,15.2081
90.0,13.233999999999998
100.0,11.4438
110.00000000000001,10.1196
120.0,8.99634
130.0,8.24622
140.0,7.53527
150.0,6.74303
160.0,6.3636
180.0,5.35373
200.0,4.54526
