E(MeV),xs(mb)
52.0,1.42869e-7
54.0,3.95179e-6
56.0,2.7690000000000004e-5
58.0,9.664550000000002e-5
60.0,0.000230126
65.0,0.0008187490000000001
70.0,0.0015052000000000002
75.0,0.00205682
80.0,0.00242286
90.0,0.00266949
100.0,0.00254092
110.00000000000001,0.00248048
120.0,0.00236916
130.0,0.0021980800000000003
140.0,0.0020660699999999997
150.0,0.00198841
160.0,0.00193264
180.0,0.0018326400000000002
200.0,0.00173981
