E(MeV),xs(mb)
36.0,1.28249e-6
38.0,0.0018553500000000002
40.0,0.029618099999999998
42.0,0.134656
44.0,0.34292300000000003
46.0,0.639534
48.0,0.981021
50.0,1.31065
52.0,1.59143
54.0,1.8478
56.0,2.02013
58.0,2.14138
60.0,2.20827
65.0,2.23379
70.0,2.11461
75.0,1.96939
80.0,1.84351
90.0,1.64441
100.0,1.45519
110.00000000000001,1.31985
120.0,1.20157
130.0,1.09699
140.0,1.00432
150.0,0.9177530000000002
160.0,0.842598
180.0,0.715416
200.0,0.611403
