E(MeV),xs(mb)
34.0,0.00144791
36.0,0.0611074
38.0,0.304165
40.0,0.737163
42.0,1.2713
44.0,1.87111
46.0,2.51995
48.0,3.10947
50.0,3.58515
52.0,3.87213
54.0,4.11661
56.0,4.22828
58.0,4.27187
60.0,4.30952
65.0,4.1513
70.0,3.9385
75.0,3.74645
80.0,3.50876
90.0,3.21602
100.0,2.90867
110.00000000000001,2.6641
120.0,2.41722
130.0,2.20316
140.0,2.02576
150.0,1.82372
160.0,1.69297
180.0,1.43534
200.0,1.35668
