E(MeV),xs(mb)
44.0,3.3233399999999996e-7
46.0,1.1681500000000002e-5
48.0,8.853540000000002e-5
50.0,0.00031384
52.0,0.00072212
54.0,0.00133006
56.0,0.0020900500000000004
58.0,0.00294844
60.0,0.00386107
65.0,0.00599835
70.0,0.00787971
75.0,0.009306509999999999
80.0,0.0101735
90.0,0.0111197
100.0,0.0110998
110.00000000000001,0.0107769
120.0,0.0101911
130.0,0.0101271
140.0,0.010073499999999999
150.0,0.00999568
160.0,0.00984945
180.0,0.00955176
200.0,0.009263960000000002
