E(MeV),xs(mb)
32.0,1.56278
34.0,12.528300000000002
36.0,31.7694
38.0,51.3346
40.0,66.2494
42.0,75.0641
44.0,80.4247
46.0,81.9318
48.0,80.85900000000001
50.0,78.3868
52.0,75.8022
54.0,72.71029999999999
56.0,69.3665
58.0,67.0467
60.0,64.8802
65.0,58.5403
70.0,52.9675
75.0,48.6991
80.0,45.012
90.0,39.2363
100.0,34.9087
110.00000000000001,31.8949
120.0,29.0109
130.0,26.309
140.0,24.483600000000003
150.0,22.186300000000003
160.0,20.5056
180.0,17.258
200.0,14.9966
