E(MeV),xs(mb)
18.5864,0.0
19.0,0.0019343600000000002
19.5,0.21003400000000003
20.0,0.54765
