E(MeV),xs(mb)
12.7014,0.0
13.0,0.0784868
13.5,2.41597
14.0,12.058
14.5,32.2366
15.0,61.064499999999995
15.5,98.0832
16.0,140.964
16.5,185.453
17.0,230.042
17.5,274.37
18.0,316.322
18.5,343.553
18.5864,346.76800000000003
19.0,359.453
19.5,371.061
20.0,375.964
