E(MeV),xs(mb)
32.0,3.55784
34.0,29.383300000000002
36.0,80.131
38.0,130.275
40.0,165.324
42.0,189.851
44.0,195.452
46.0,190.64700000000002
48.0,180.193
50.0,166.417
52.0,151.887
54.0,141.36599999999999
56.0,132.895
58.0,123.089
60.0,116.694
65.0,104.48200000000001
70.0,93.6208
75.0,86.7385
80.0,81.6592
90.0,71.4923
100.0,63.2003
110.00000000000001,56.887499999999996
120.0,50.5656
130.0,46.1876
140.0,42.0109
150.0,37.8095
160.0,34.7838
180.0,28.744999999999997
200.0,25.3463
