E(MeV),xs(mb)
34.0,0.00156427
36.0,0.066186
38.0,0.323005
40.0,0.7792460000000001
42.0,1.33624
44.0,1.95079
46.0,2.53613
48.0,2.97766
50.0,3.28499
52.0,3.5766
54.0,3.69898
56.0,3.74501
58.0,3.75111
60.0,3.75715
65.0,3.65675
70.0,3.45434
75.0,3.33325
80.0,3.19082
90.0,2.96156
100.0,2.71718
110.00000000000001,2.53452
120.0,2.3574
130.0,2.18951
140.0,2.01828
150.0,1.87744
160.0,1.72903
180.0,1.48899
200.0,1.37218
