E(MeV),xs(mb)
50.0,2.0811299999999998e-7
52.0,6.86312e-6
54.0,4.78966e-5
56.0,0.000163348
58.0,0.00037502
60.0,0.000613351
65.0,0.00143973
70.0,0.00223032
75.0,0.00282617
80.0,0.00319914
90.0,0.0035370400000000004
100.0,0.0035507900000000003
110.00000000000001,0.0034635300000000003
120.0,0.00331475
130.0,0.0031472699999999998
140.0,0.00295974
150.0,0.0029119700000000003
160.0,0.0028726900000000002
180.0,0.0027867400000000002
200.0,0.00269065
