E(MeV),xs(mb)
34.0,1.99822e-7
36.0,0.00323564
38.0,0.0377225
40.0,0.144715
42.0,0.31685800000000003
44.0,0.549341
46.0,0.7602000000000001
48.0,0.9506360000000001
50.0,1.07846
52.0,1.15531
54.0,1.17741
56.0,1.20202
58.0,1.21431
60.0,1.1927
65.0,1.11072
70.0,1.04231
75.0,0.984916
80.0,0.954083
90.0,0.8787670000000001
100.0,0.7929550000000001
110.00000000000001,0.738202
120.0,0.679173
130.0,0.620194
140.0,0.569612
150.0,0.5201939999999999
160.0,0.46541800000000005
180.0,0.417132
200.0,0.398411
