E(MeV),xs(mb)
32.0,0.013593
34.0,2.06161
36.0,10.593399999999999
38.0,25.6815
40.0,42.413999999999994
42.0,57.263200000000005
44.0,69.3546
46.0,75.6932
48.0,79.1519
50.0,80.017
52.0,80.3289
54.0,80.1905
56.0,78.1652
58.0,74.3782
60.0,70.1665
65.0,62.2371
70.0,55.3673
75.0,49.4378
80.0,45.1089
90.0,39.034
100.0,34.2818
110.00000000000001,30.843500000000002
120.0,27.767300000000002
130.0,24.991300000000003
140.0,23.245800000000003
150.0,20.8247
160.0,19.4157
180.0,16.2667
200.0,13.7767
