E(MeV),xs(mb)
34.0,6.65101e-5
36.0,0.04530820000000001
38.0,0.34124400000000005
40.0,1.0177
42.0,1.92654
44.0,2.966
46.0,3.98657
48.0,5.1326
50.0,5.78658
52.0,6.27748
54.0,6.46005
56.0,6.48234
58.0,6.34985
60.0,6.12332
65.0,5.71164
70.0,5.42925
75.0,5.11382
80.0,4.79649
90.0,4.26944
100.0,3.90183
110.00000000000001,3.61357
120.0,3.30847
130.0,3.0116
140.0,2.77807
150.0,2.5073
160.0,2.351
180.0,2.00661
200.0,1.82275
