E(MeV),xs(mb)
38.0,2.89249e-5
40.0,0.00669332
42.0,0.054610900000000004
44.0,0.183628
46.0,0.409828
48.0,0.737716
50.0,1.10586
52.0,1.49431
54.0,1.85209
56.0,2.14683
58.0,2.34413
60.0,2.48366
65.0,2.54539
70.0,2.44674
75.0,2.29848
80.0,2.11373
90.0,1.811
100.0,1.59296
110.00000000000001,1.44332
120.0,1.2994
130.0,1.1808
140.0,1.06714
150.0,0.9766520000000001
160.0,0.8914930000000001
180.0,0.744621
200.0,0.630674
