E(MeV),xs(mb)
42.0,7.088750000000001e-5
44.0,0.0011545300000000002
46.0,0.00544865
48.0,0.0155405
50.0,0.0322231
52.0,0.0522145
54.0,0.0690735
56.0,0.0824994
58.0,0.09126379999999999
60.0,0.100789
65.0,0.125673
70.0,0.135778
75.0,0.135887
80.0,0.131043
90.0,0.11819
100.0,0.107371
110.00000000000001,0.0966405
120.0,0.08695309999999999
130.0,0.0791678
140.0,0.0722783
150.0,0.06566029999999999
160.0,0.05945090000000001
180.0,0.05020940000000001
200.0,0.046658200000000004
