E(MeV),xs(mb)
52.0,2.2002199999999998e-8
54.0,2.73619e-6
56.0,2.44398e-5
58.0,9.736940000000001e-5
60.0,0.000251566
65.0,0.000915808
70.0,0.00182177
75.0,0.002609
80.0,0.0031124100000000003
90.0,0.00353225
100.0,0.00355898
110.00000000000001,0.00356181
120.0,0.00342266
130.0,0.0032541799999999997
140.0,0.0031771600000000005
150.0,0.00316787
160.0,0.0031098
180.0,0.00299931
200.0,0.00288768
