E(MeV),xs(mb)
32.0,3.08067
34.0,57.2994
36.0,220.113
38.0,432.05600000000004
40.0,607.058
42.0,710.986
44.0,739.2520000000001
46.0,685.865
48.0,564.8539999999999
50.0,425.17199999999997
52.0,303.01300000000003
54.0,213.523
56.0,154.715
58.0,118.756
60.0,97.2977
65.0,74.0407
70.0,65.9025
75.0,61.6613
80.0,58.4436
90.0,54.023700000000005
100.0,50.3558
110.00000000000001,47.443099999999994
120.0,44.8593
130.0,42.685700000000004
140.0,40.9845
150.0,39.4563
160.0,37.7119
180.0,31.5545
200.0,26.5724
