E(MeV),xs(mb)
32.0,2.00974
34.0,21.0349
36.0,68.3143
38.0,124.117
40.0,167.818
42.0,191.806
44.0,194.916
46.0,180.785
48.0,157.542
50.0,130.216
52.0,104.585
54.0,84.6667
56.0,69.9645
58.0,60.3587
60.0,54.1742
65.0,46.132400000000004
70.0,42.2111
75.0,39.5983
80.0,37.876599999999996
90.0,35.2535
100.0,33.1557
110.00000000000001,31.0813
120.0,29.766499999999997
130.0,28.6175
140.0,25.4088
150.0,23.191000000000003
160.0,20.7213
180.0,17.2474
200.0,14.307
