E(MeV),xs(mb)
32.0,0.135525
34.0,7.16535
36.0,31.5498
38.0,66.5871
40.0,101.79
42.0,130.317
44.0,150.44299999999998
46.0,167.021
48.0,176.49200000000002
50.0,179.864
52.0,179.381
54.0,176.599
56.0,169.665
58.0,163.154
60.0,157.616
65.0,140.915
70.0,124.966
75.0,113.25
80.0,104.423
90.0,90.5983
100.0,80.68709999999999
110.00000000000001,73.08279999999999
120.0,67.0712
130.0,61.3146
140.0,55.805
150.0,51.8175
160.0,47.5539
180.0,40.925799999999995
200.0,35.1096
