E(MeV),xs(mb)
34.0,0.00151964
36.0,0.812548
38.0,5.15691
40.0,13.9482
42.0,25.5045
44.0,36.7753
46.0,46.428399999999996
48.0,52.807
50.0,54.974
52.0,53.793
54.0,50.86280000000001
56.0,46.689299999999996
58.0,42.316399999999994
60.0,39.0094
65.0,33.2753
70.0,30.5343
75.0,28.536199999999997
80.0,26.636899999999997
90.0,22.7281
100.0,19.8944
110.00000000000001,18.011
120.0,16.3006
130.0,14.8936
140.0,13.672899999999998
150.0,12.366200000000001
160.0,11.370000000000001
180.0,9.60483
200.0,8.30075
