E(MeV),xs(mb)
34.0,3.48637
36.0,30.7793
38.0,87.28529999999999
40.0,150.786
42.0,200.035
44.0,227.341
46.0,241.52800000000002
48.0,238.726
50.0,224.037
52.0,202.476
54.0,179.654
56.0,159.00900000000001
58.0,140.399
60.0,125.88900000000001
65.0,105.183
70.0,92.8209
75.0,84.9152
80.0,79.5205
90.0,69.0107
100.0,59.90090000000001
110.00000000000001,53.81439999999999
120.0,48.591899999999995
130.0,43.8736
140.0,39.4793
150.0,35.7808
160.0,32.5957
180.0,27.4323
200.0,23.0461
