E(MeV),xs(mb)
19.0,0.009437430000000002
20.0,6.28592
21.0,79.2239
22.0,288.309
23.0,601.029
24.0,845.513
25.0,1036.59
26.0,1157.23
28.0,1194.07
30.0,936.514
34.0,382.776
36.0,269.956
38.0,220.327
40.0,181.538
42.0,157.875
44.0,139.79399999999998
46.0,126.57400000000001
48.0,114.53999999999999
50.0,103.57300000000001
51.0,98.83760000000001
53.0,92.3426
57.0,77.023
60.0,69.4646
