E(MeV),xs(mb)
32.0,0.0397059
34.0,2.58208
36.0,15.682
38.0,38.8716
40.0,64.2097
42.0,85.20989999999999
44.0,99.3322
46.0,107.80099999999999
48.0,110.60799999999999
50.0,108.593
52.0,103.681
54.0,98.9964
56.0,93.9445
58.0,88.4847
60.0,82.9331
65.0,72.5474
70.0,65.16040000000001
75.0,58.8665
80.0,52.7162
90.0,45.8711
100.0,40.061299999999996
110.00000000000001,35.4419
120.0,31.738
130.0,29.165899999999997
140.0,25.787499999999998
150.0,23.8372
160.0,21.2692
180.0,18.0078
200.0,14.968699999999998
