E(MeV),xs(mb)
48.0,3.7076600000000004e-9
50.0,3.86683e-7
52.0,5.65555e-6
54.0,2.8765000000000003e-5
56.0,8.474530000000001e-5
58.0,0.00017046200000000002
60.0,0.000278367
65.0,0.000585392
70.0,0.000831734
75.0,0.000997709
80.0,0.00113699
90.0,0.00129039
100.0,0.0012602400000000001
110.00000000000001,0.00120397
120.0,0.00116238
130.0,0.00115787
140.0,0.00111397
150.0,0.00110277
160.0,0.0011101700000000002
180.0,0.00106313
200.0,0.0010442000000000001
