E(MeV),xs(mb)
36.0,0.0198573
38.0,0.264147
40.0,0.98095
42.0,2.13367
44.0,3.2877
46.0,4.51613
48.0,5.4765
50.0,6.54541
52.0,7.32392
54.0,7.98752
56.0,8.5616
58.0,9.07673
60.0,9.31978
65.0,9.8032
70.0,9.6128
75.0,9.36975
80.0,9.08464
90.0,8.61738
100.0,7.89841
110.00000000000001,7.33808
120.0,6.79084
130.0,6.16702
140.0,5.73531
150.0,5.28883
160.0,4.82999
180.0,4.12192
200.0,3.57612
