E(MeV),xs(mb)
34.0,0.012738600000000001
36.0,0.15664100000000003
38.0,0.535684
40.0,1.12906
42.0,1.78481
44.0,2.42556
46.0,3.006
48.0,3.5016
50.0,3.9584
52.0,4.3541
54.0,4.52857
56.0,4.67547
58.0,4.73332
60.0,4.69033
65.0,4.45933
70.0,4.19899
75.0,3.91335
80.0,3.63552
90.0,3.26397
100.0,2.87378
110.00000000000001,2.577
120.0,2.30546
130.0,2.1152
140.0,1.86928
150.0,1.72833
160.0,1.54278
180.0,1.39041
200.0,1.2748
