E(MeV),xs(mb)
40.0,1.12972e-7
42.0,6.195260000000001e-5
44.0,0.000782501
46.0,0.00332338
48.0,0.00825826
50.0,0.0150738
52.0,0.022740399999999997
54.0,0.0298699
56.0,0.0369627
58.0,0.0429533
60.0,0.0485837
65.0,0.0564911
70.0,0.0604679
75.0,0.0623454
80.0,0.062977
90.0,0.0599559
100.0,0.056294000000000004
110.00000000000001,0.0523826
120.0,0.0480107
130.0,0.0446733
140.0,0.0409232
150.0,0.0384402
160.0,0.0369016
180.0,0.0349507
200.0,0.0332997
