E(MeV),xs(mb)
5.78703,0.0
6.0,0.7529
6.5,20.6171
7.0,51.246900000000004
7.5,79.8773
8.0,107.192
8.5,133.87199999999999
9.0,159.874
9.5,185.352
10.0,211.929
10.5,243.608
11.0,273.127
11.5,294.411
12.0,294.16
12.5,274.17600000000004
13.0,243.933
13.5,211.464
14.0,181.195
14.5,154.39499999999998
15.0,133.578
15.5,116.201
16.0,103.615
16.5,92.9358
17.0,84.56609999999999
17.5,78.0361
18.0,72.8494
18.5,68.6876
19.0,65.2536
19.5,62.4476
20.0,60.0454
