E(MeV),xs(mb)
15.5,0.0
16.0,6.358900000000001e-15
16.5,6.1065e-13
17.0,5.6752e-11
17.5,5.3214e-9
18.0,5.0197e-7
18.5,4.79727e-5
19.0,0.004125060000000001
19.5,0.1399
20.0,1.23333
