E(MeV),xs(mb)
13.086400000000001,0.0
13.5,0.00448889
14.0,0.27108400000000005
14.5,1.88066
15.0,5.68419
15.5,12.3607
16.0,19.6423
16.5,31.6162
17.0,43.1727
17.5,57.1657
18.0,73.91130000000001
18.5,93.7482
19.0,116.56500000000001
19.5,142.046
20.0,168.709
