E(MeV),xs(mb)
19.0,0.269177
20.0,9.62812
21.0,51.963800000000006
22.0,133.535
23.0,233.70000000000002
24.0,328.376
25.0,407.034
26.0,463.04699999999997
27.0,488.92499999999995
28.0,480.42499999999995
29.0,442.99799999999993
30.0,390.901
