E(MeV),xs(mb)
12.1931,0.0
12.5,0.007117
12.86,0.42553
13.5,9.07606
14.0,31.5804
14.5,67.2907
15.0,109.72900000000001
16.0,184.42000000000002
17.0,218.67399999999998
18.0,251.085
19.0,267.519
20.0,270.866
21.0,257.628
22.0,232.168
23.0,203.19699999999997
24.0,178.396
25.0,159.343
26.0,143.988
27.0,130.87800000000001
28.0,119.413
29.0,109.127
30.0,100.15700000000001
