E(MeV),xs(mb)
11.326799999999999,0.0
11.5,0.0171994
12.0,8.31687
12.5,62.20869999999999
12.75,112.41799999999999
13.0,171.84900000000002
13.5,303.209
14.0,431.76
14.5,544.153
15.0,633.307
16.0,760.01
17.0,830.057
18.0,869.4399999999999
19.0,875.337
20.0,822.263
21.0,706.297
22.0,571.1769999999999
23.0,450.33700000000005
24.0,354.523
25.0,291.228
26.0,244.395
27.0,214.008
28.0,190.86
29.0,173.033
30.0,160.659
