E(MeV),xs(mb)
18.990499999999997,0.0
19.5,1.1843999999999998e-11
20.0,0.0102043
