E(MeV),xs(mb)
19.0,0.00187127
20.0,0.0897834
21.0,0.589543
22.0,1.76856
23.0,3.44826
24.0,5.08596
25.0,6.37235
26.0,7.19146
27.0,7.646
28.0,7.76913
29.0,7.59685
30.0,7.36033
