E(MeV),xs(mb)
34.0,0.240328
36.0,4.18093
38.0,17.0455
40.0,34.9626
42.0,52.8852
44.0,66.0381
46.0,74.0676
48.0,75.8232
50.0,72.8298
52.0,66.1694
54.0,59.1305
56.0,52.283
58.0,45.735299999999995
60.0,40.0413
65.0,30.649099999999997
70.0,25.1304
75.0,22.2805
80.0,20.1477
90.0,18.1566
100.0,16.7164
110.00000000000001,15.173000000000002
120.0,13.6154
130.0,12.1402
140.0,10.928
150.0,9.8204
160.0,8.88967
180.0,7.15823
200.0,5.90202
