E(MeV),xs(mb)
34.0,0.113068
36.0,1.30559
38.0,5.03632
40.0,10.8874
42.0,16.994
44.0,22.0646
46.0,25.5667
48.0,26.773600000000002
50.0,26.486800000000002
52.0,24.9409
54.0,23.565399999999997
56.0,22.0632
58.0,21.017000000000003
60.0,19.9819
65.0,18.092399999999998
70.0,16.323700000000002
75.0,15.0397
80.0,13.6953
90.0,11.9308
100.0,10.4638
110.00000000000001,9.34635
120.0,8.41087
130.0,7.53446
140.0,6.83824
150.0,6.09847
160.0,5.60693
180.0,4.59465
200.0,4.03547
