E(MeV),xs(mb)
36.0,0.0007738590000000001
38.0,0.0155523
40.0,0.08224000000000001
42.0,0.23496800000000004
44.0,0.471862
46.0,0.753831
48.0,0.9853190000000001
50.0,1.21164
52.0,1.36172
54.0,1.46168
56.0,1.50712
58.0,1.5124
60.0,1.50139
65.0,1.42243
70.0,1.3426
75.0,1.27367
80.0,1.21301
90.0,1.10218
100.0,0.99644
110.00000000000001,0.9187799999999999
120.0,0.8411730000000001
130.0,0.7717160000000001
140.0,0.700904
150.0,0.641584
160.0,0.588085
180.0,0.5475150000000001
200.0,0.516885
