Isotopes,Energy_Joules,Log10_Energy_Joules
271Ds,3.4286793410525688e13,13.535126870672471
