Isotopes,Energy_Joules,Log10_Energy_Joules
271Ds,3.311592416320192e13,13.52003687937018
