Isotopes,Energy_Joules,Log10_Energy_Joules
218Rn,4.2790669354138496e12,12.631349079999593
156Hf,3.406411181859357e12,12.532297069708338
271Ds,3.311592416320192e13,13.52003687937018
259Rf,5.776075140366908e12,12.761632834290538
218Fr,3.2147575764393447e12,12.507148228524857
160W,4.995940557388916e12,12.698617262417956
263Sg,3.886639406153495e12,12.58957424961449
